file,code,Ce,LI,solvent,calcinated,190,191,192,193,194,195,196,197,198,199,200,201,202,203,204,205,206,207,208,209,210,211,212,213,214,215,216,217,218,219,220,221,222,223,224,225,226,227,228,229,230,231,232,233,234,235,236,237,238,239,240,241,242,243,244,245,246,247,248,249,250,251,252,253,254,255,256,257,258,259,260,261,262,263,264,265,266,267,268,269,270,271,272,273,274,275,276,277,278,279,280,281,282,283,284,285,286,287,288,289,290,291,292,293,294,295,296,297,298,299,300,301,302,303,304,305,306,307,308,309,310,311,312,313,314,315,316,317,318,319,320,321,322,323,324,325,326,327,328,329,330,331,332,333,334,335,336,337,338,339,340,341,342,343,344,345,346,347,348,349,350,351,352,353,354,355,356,357,358,359,360,361,362,363,364,365,366,367,368,369,370,371,372,373,374,375,376,377,378,379,380,381,382,383,384,385,386,387,388,389,390,391,392,393,394,395,396,397,398,399,400,401,402,403,404,405,406,407,408,409,410,411,412,413,414,415,416,417,418,419,420,421,422,423,424,425,426,427,428,429,430,431,432,433,434,435,436,437,438,439,440,441,442,443,444,445,446,447,448,449,450,451,452,453,454,455,456,457,458,459,460,461,462,463,464,465,466,467,468,469,470,471,472,473,474,475,476,477,478,479,480,481,482,483,484,485,486,487,488,489,490,491,492,493,494,495,496,497,498,499,500,501,502,503,504,505,506,507,508,509,510,511,512,513,514,515,516,517,518,519,520,521,522,523,524,525,526,527,528,529,530,531,532,533,534,535,536,537,538,539,540,541,542,543,544,545,546,547,548,549,550,551,552,553,554,555,556,557,558,559,560,561,562,563,564,565,566,567,568,569,570,571,572,573,574,575,576,577,578,579,580,581,582,583,584,585,586,587,588,589,590,591,592,593,594,595,596,597,598,599,600,601,602,603,604,605,606,607,608,609,610,611,612,613,614,615,616,617,618,619,620,621,622,623,624,625,626,627,628,629,630,631,632,633,634,635,636,637,638,639,640,641,642,643,644,645,646,647,648,649,650,651,652,653,654,655,656,657,658,659,660,661,662,663,664,665,666,667,668,669,670,671,672,673,674,675,676,677,678,679,680,681,682,683,684,685,686,687,688,689,690,691,692,693,694,695,696,697,698,699,700,701,702,703,704,705,706,707,708,709,710,711,712,713,714,715,716,717,718,719,720,721,722,723,724,725,726,727,728,729,730,731,732,733,734,735,736,737,738,739,740,741,742,743,744,745,746,747,748,749,750,751,752,753,754,755,756,757,758,759,760,761,762,763,764,765,766,767,768,769,770,771,772,773,774,775,776,777,778,779,780,781,782,783,784,785,786,787,788,789,790,791,792,793,794,795,796,797,798,799,800
6033,1,0.03,0,DMF,FALSE,28.4,20.29,15.64,12.62,9.66,7.45,5.79,4.69,4.05,3.49,2.99,2.73,2.6,2.4,2.3,2.3,2.18,2,1.92,1.96,1.93,1.95,1.98,1.99,1.93,1.92,1.94,1.92,1.94,1.93,1.88,1.85,1.89,1.93,1.97,2.03,2.08,2.15,2.24,2.38,2.56,2.83,3.18,3.57,4.04,4.59,5.19,5.89,6.67,7.51,8.41,9.32,10.21,11.09,11.87,12.6,13.29,13.89,14.37,14.79,15.12,15.4,15.63,15.82,15.95,16.04,16.11,16.17,16.22,16.27,16.26,16.28,16.31,16.31,16.3,16.28,16.28,16.32,16.31,16.31,16.33,16.32,16.32,16.35,16.36,16.37,16.38,16.35,16.36,16.37,16.37,16.4,16.4,16.39,16.38,16.4,16.43,16.42,16.39,16.39,16.38,16.36,16.4,16.47,16.45,16.47,16.5,16.54,16.54,16.54,16.54,16.6,16.66,16.67,16.7,16.73,16.77,16.81,16.87,16.89,16.92,16.92,16.96,17,17.03,17.05,17.05,17.06,17.2,16.91,16.69,16.75,16.77,16.82,16.87,16.79,16.87,16.91,16.97,17.01,17.16,17.2,17.23,17.25,17.35,17.45,17.57,17.62,17.77,17.82,17.99,18.09,18.2,18.38,18.47,18.49,18.66,18.82,18.87,19,19.13,19.28,19.41,19.57,19.68,19.83,20.02,20.25,20.39,20.49,20.66,20.88,21.05,21.26,21.36,21.51,21.76,21.92,22.24,22.44,22.54,22.73,22.92,23.16,23.3,23.43,23.76,23.95,24.21,25.68,25.23,25.52,25.88,26.28,26.62,26.98,27.36,27.76,28.19,28.56,29.01,29.5,29.93,30.39,30.83,31.27,31.83,32.35,32.86,33.4,33.9,34.41,34.96,35.54,36.09,36.69,37.26,37.81,38.35,38.96,39.53,40.14,40.73,41.32,41.91,42.49,43.06,43.67,44.26,44.86,45.44,45.97,46.55,47.11,47.66,48.22,48.78,49.3,49.84,50.34,50.86,51.37,51.86,52.34,52.79,53.25,53.68,54.12,54.55,54.96,55.37,55.79,56.16,56.56,56.96,57.31,57.73,58.09,58.38,58.71,58.99,59.26,59.58,59.89,60.19,60.43,60.67,60.9,61.11,61.33,61.53,61.72,61.92,62.1,62.25,62.39,62.53,62.65,62.79,62.95,63.11,63.25,63.38,63.52,63.67,63.8,63.93,64.07,64.22,64.35,64.49,64.66,64.86,65.11,65.37,65.59,65.81,65.99,66.16,66.32,66.48,66.63,66.75,66.92,67.07,67.19,67.27,67.37,67.49,67.59,67.65,67.75,67.84,67.88,67.76,67.59,67.68,67.89,67.98,68.07,68.12,68.18,68.26,68.31,68.29,68.3,68.33,68.31,68.32,68.4,68.44,68.44,68.47,68.54,68.46,68.43,68.49,68.57,68.63,68.68,68.75,68.8,68.86,68.96,68.99,69.03,69.15,69.21,69.25,69.29,69.38,69.46,69.47,69.4,69.72,69.88,69.91,69.96,69.96,70.02,70.03,70.09,70.13,70.18,70.26,70.31,70.34,70.41,70.45,70.52,70.57,70.59,70.76,70.77,70.8,70.85,70.88,70.93,70.98,71.03,71.03,71.07,71.16,71.22,71.22,71.27,71.34,71.35,71.41,71.45,71.51,71.51,71.56,71.61,71.66,71.66,71.73,71.76,71.78,71.82,71.88,71.93,71.91,72.03,72.05,72.06,72.08,72.12,72.19,72.2,72.24,72.26,72.32,72.34,72.4,72.4,72.42,72.48,72.46,72.52,72.61,72.62,72.61,72.65,72.68,72.68,72.72,72.75,72.77,72.8,72.79,72.84,72.89,72.91,72.96,72.98,72.98,73,73.02,73.05,73.05,73.07,73.1,73.13,73.15,73.18,73.15,73.18,73.22,73.25,73.25,73.25,73.26,73.3,73.33,73.32,73.37,73.38,73.38,73.37,73.42,73.46,73.48,73.47,73.47,73.48,73.5,73.53,73.54,73.58,73.58,73.57,73.58,73.61,73.61,73.59,73.62,73.67,73.69,73.69,73.7,73.69,73.69,73.7,73.71,73.74,73.77,73.74,73.73,73.75,73.8,73.82,73.79,73.8,73.81,73.79,73.79,73.81,73.81,73.85,73.86,73.81,73.83,73.88,73.9,73.88,73.88,73.9,73.91,73.94,73.95,73.94,73.93,73.94,73.91,73.9,73.9,73.93,73.98,73.95,73.96,73.95,73.94,73.97,74,74.02,73.98,73.95,73.99,74.04,74.04,74.03,73.99,73.99,74.04,74.07,74.05,74.05,74.01,74.03,74.06,73.98,74,74.06,74.06,74.05,74.03,74.05,74.1,74.04,74.01,74.05,74.03,74.05,74.04,74.05,74.08,74.06,74.09,74.14,74.11,74.12,74.11,74.12,74.1,74.06,74.06,74.12,74.1,74.09,74.1,74.09,74.1,74.08,74.14,74.15,74.26,74.3,74.15,74.12,74.22,74.17,74.21,74.19,74.14,74.2,74.2,74.12,74.22,74.3,74.24,74.22,74.22,74.22,74.22,74.22,74.23,74.22,74.29,74.23,74.23,74.29,74.24,74.29,74.23,74.29,74.19,74.3,74.27,74.38,74.41
6022,4,0.03,25,DMF,FALSE,44.47,37.69,33.88,31.26,28.46,26.67,25.11,23.89,23.22,22.55,21.95,21.53,21,20.72,20.48,20.18,19.84,19.52,19.32,19.18,18.97,18.86,18.74,18.7,18.72,18.75,18.82,18.96,19.2,19.42,19.62,19.89,20.17,20.42,20.7,20.98,21.24,21.47,21.69,21.91,22.06,22.19,22.3,22.38,22.43,22.45,22.44,22.45,22.41,22.4,22.37,22.29,22.2,22.1,21.98,21.88,21.77,21.73,21.68,21.64,21.59,21.51,21.44,21.38,21.34,21.3,21.26,21.22,21.18,21.17,21.15,21.09,21.04,21.03,21,20.95,20.92,20.89,20.87,20.85,20.83,20.84,20.84,20.84,20.82,20.79,20.79,20.78,20.75,20.72,20.71,20.67,20.65,20.64,20.63,20.6,20.59,20.6,20.59,20.59,20.59,20.59,20.59,20.56,20.56,20.59,20.59,20.6,20.61,20.62,20.62,20.62,20.63,20.68,20.73,20.76,20.78,20.78,20.8,20.84,20.88,20.85,20.89,20.94,20.94,21,20.98,20.94,21.12,20.62,20.49,20.5,20.48,20.45,20.49,20.56,20.58,20.7,20.83,20.89,21.05,21.09,21.19,21.25,21.4,21.55,21.69,21.86,22.13,22.2,22.27,22.47,22.7,22.88,23.07,23.34,23.6,23.72,23.99,24.18,24.33,24.6,24.88,25.16,25.38,25.7,26.05,26.27,26.59,26.87,27.24,27.44,27.75,28.15,28.33,28.78,29.15,29.4,29.83,30.17,30.51,30.83,31.17,31.5,31.79,32.1,32.48,32.78,33.21,34.59,34.72,35.23,35.7,36.21,36.68,37.15,37.69,38.24,38.77,39.3,39.83,40.4,40.98,41.48,42.06,42.63,43.22,43.78,44.36,44.91,45.51,46.03,46.61,47.23,47.8,48.37,48.93,49.48,50.02,50.6,51.16,51.69,52.24,52.76,53.3,53.83,54.36,54.88,55.38,55.88,56.4,56.81,57.31,57.81,58.24,58.7,59.12,59.55,59.93,60.38,60.78,61.16,61.56,61.95,62.26,62.63,62.95,63.26,63.57,63.86,64.22,64.51,64.8,65.11,65.38,65.66,65.95,66.2,66.44,66.7,66.9,67.1,67.33,67.56,67.8,67.99,68.18,68.35,68.53,68.68,68.82,68.97,69.13,69.26,69.39,69.5,69.59,69.69,69.78,69.9,70.01,70.1,70.21,70.33,70.43,70.55,70.64,70.73,70.87,70.94,70.98,71.1,71.24,71.45,71.67,71.87,72.07,72.25,72.45,72.58,72.7,72.85,72.97,73.11,73.28,73.41,73.47,73.57,73.71,73.81,73.88,73.95,74.05,74.14,74.17,74.13,73.99,74.03,74.13,74.25,74.36,74.45,74.51,74.58,74.58,74.56,74.62,74.65,74.66,74.7,74.74,74.79,74.83,74.91,74.84,74.81,74.87,74.94,74.99,75.11,75.18,75.25,75.33,75.38,75.46,75.51,75.59,75.68,75.65,75.94,76.09,76.12,76.14,76.17,76.23,76.29,76.35,76.42,76.47,76.53,76.58,76.64,76.7,76.77,76.88,76.9,76.98,76.99,77.08,77.19,77.23,77.29,77.38,77.47,77.5,77.56,77.59,77.66,77.68,77.77,77.8,77.87,77.97,77.96,77.99,78.07,78.14,78.18,78.25,78.25,78.27,78.38,78.39,78.43,78.52,78.51,78.61,78.66,78.67,78.73,78.78,78.87,78.88,78.91,78.98,78.99,79.04,79.08,79.13,79.19,79.21,79.22,79.33,79.36,79.42,79.46,79.49,79.54,79.55,79.59,79.64,79.67,79.65,79.7,79.73,79.77,79.83,79.84,79.9,79.93,79.96,80,80.04,80.06,80.11,80.12,80.21,80.15,80.22,80.26,80.26,80.31,80.37,80.4,80.41,80.45,80.48,80.49,80.48,80.51,80.56,80.59,80.58,80.61,80.67,80.7,80.74,80.76,80.74,80.77,80.77,80.77,80.86,80.87,80.89,80.94,80.98,80.99,80.96,80.99,80.99,81.03,81.06,81.08,81.07,81.07,81.11,81.15,81.16,81.17,81.2,81.2,81.26,81.29,81.3,81.31,81.32,81.33,81.34,81.36,81.42,81.45,81.41,81.45,81.5,81.48,81.49,81.52,81.53,81.57,81.61,81.59,81.58,81.62,81.64,81.64,81.66,81.69,81.72,81.73,81.74,81.76,81.77,81.78,81.77,81.76,81.81,81.83,81.87,81.86,81.85,81.85,81.87,81.89,81.95,82.01,81.96,81.92,81.96,81.96,81.97,81.97,81.99,81.94,81.98,82.03,82.09,82.09,82.04,82.08,82.11,82.06,82.07,82.09,82.12,82.18,82.15,82.18,82.25,82.2,82.19,82.18,82.21,82.23,82.2,82.24,82.27,82.27,82.31,82.33,82.37,82.32,82.35,82.36,82.35,82.38,82.4,82.4,82.36,82.4,82.42,82.39,82.45,82.41,82.42,82.41,82.51,82.54,82.54,82.52,82.56,82.56,82.58,82.56,82.55,82.61,82.57,82.56,82.6,82.66,82.72,82.61,82.7,82.66,82.65,82.7,82.6,82.68,82.71,82.7,82.69,82.78,82.71,82.82,82.74,82.76,82.72,82.79,82.82,82.85,82.76
6030,7,0.1,25,DMF,FALSE,34.29,26.55,22.21,19.04,15.82,13.78,12.42,11.24,10.57,9.88,9.38,9.15,8.85,8.51,8.41,8.33,8.24,8.16,8.2,8.26,8.23,8.32,8.45,8.59,8.74,8.96,9.18,9.46,9.76,10.19,10.53,11,11.51,12.05,12.61,13.17,13.79,14.42,15.07,15.7,16.37,16.99,17.54,18.09,18.58,18.99,19.33,19.63,19.9,20.08,20.22,20.33,20.35,20.37,20.32,20.31,20.28,20.22,20.2,20.16,20.11,20.07,20.04,19.99,19.96,19.94,19.91,19.86,19.84,19.81,19.79,19.75,19.72,19.69,19.65,19.58,19.55,19.55,19.53,19.53,19.52,19.51,19.5,19.49,19.48,19.49,19.49,19.47,19.49,19.49,19.45,19.46,19.44,19.45,19.47,19.48,19.49,19.45,19.45,19.42,19.43,19.46,19.45,19.44,19.46,19.47,19.5,19.54,19.54,19.5,19.52,19.53,19.58,19.6,19.6,19.59,19.6,19.64,19.64,19.64,19.61,19.59,19.59,19.6,19.58,19.6,19.58,19.58,19.63,19.2,19.05,19.02,18.91,18.95,19.05,18.91,18.93,18.87,18.89,18.98,19.04,19.01,19.03,19.06,19.11,19.19,19.25,19.36,19.47,19.45,19.56,19.69,19.76,19.87,19.88,20.03,20.23,20.29,20.36,20.51,20.68,20.73,20.92,21.05,21.24,21.43,21.58,21.69,21.97,22.06,22.23,22.5,22.77,23.03,23.25,23.39,23.72,23.83,24.13,24.46,24.66,24.99,25.18,25.47,25.62,25.83,26.23,26.33,26.88,28.3,28.37,28.82,29.25,29.7,30.15,30.69,31.13,31.61,32.15,32.66,33.21,33.77,34.35,34.89,35.47,36.04,36.63,37.23,37.87,38.47,39.06,39.64,40.31,40.91,41.54,42.17,42.84,43.47,44.05,44.7,45.31,45.94,46.58,47.19,47.81,48.41,49,49.65,50.25,50.83,51.41,51.93,52.53,53.07,53.61,54.16,54.66,55.19,55.67,56.15,56.64,57.14,57.59,58.05,58.46,58.89,59.29,59.73,60.11,60.5,60.85,61.21,61.57,61.93,62.26,62.59,62.98,63.3,63.6,63.89,64.16,64.42,64.66,64.94,65.24,65.47,65.69,65.91,66.12,66.3,66.47,66.67,66.87,67.02,67.15,67.26,67.4,67.52,67.63,67.77,67.9,68.02,68.15,68.29,68.41,68.54,68.65,68.77,68.9,69,69.07,69.19,69.39,69.65,69.89,70.14,70.37,70.58,70.8,70.97,71.13,71.3,71.49,71.65,71.78,71.91,72.06,72.2,72.33,72.44,72.51,72.63,72.73,72.81,72.78,72.6,72.56,72.78,72.98,73.07,73.13,73.21,73.29,73.35,73.35,73.34,73.38,73.42,73.45,73.51,73.54,73.56,73.57,73.68,73.62,73.61,73.67,73.74,73.82,73.91,73.98,74.05,74.12,74.23,74.32,74.36,74.45,74.55,74.62,74.69,74.78,74.83,74.74,75.04,75.29,75.34,75.37,75.43,75.49,75.56,75.58,75.65,75.7,75.75,75.85,75.91,75.99,76.07,76.11,76.23,76.28,76.35,76.47,76.6,76.65,76.7,76.71,76.77,76.81,76.89,76.95,77.03,77.12,77.17,77.2,77.27,77.32,77.39,77.48,77.52,77.54,77.63,77.68,77.76,77.81,77.85,77.91,77.95,78.02,78.11,78.14,78.18,78.24,78.3,78.36,78.41,78.43,78.49,78.56,78.6,78.65,78.68,78.76,78.82,78.9,78.95,78.97,79.02,79.04,79.09,79.19,79.22,79.24,79.26,79.3,79.35,79.4,79.45,79.48,79.55,79.55,79.61,79.66,79.71,79.75,79.79,79.86,79.87,79.9,79.93,79.96,80,80.04,80.09,80.11,80.16,80.22,80.26,80.29,80.33,80.35,80.37,80.41,80.42,80.48,80.51,80.53,80.57,80.6,80.62,80.66,80.69,80.73,80.75,80.76,80.81,80.85,80.89,80.88,80.89,80.96,80.97,80.99,81.05,81.08,81.08,81.12,81.17,81.16,81.17,81.21,81.23,81.3,81.33,81.34,81.35,81.39,81.37,81.39,81.43,81.49,81.52,81.5,81.54,81.59,81.57,81.55,81.56,81.6,81.68,81.69,81.68,81.72,81.74,81.77,81.79,81.83,81.85,81.86,81.85,81.86,81.88,81.9,81.95,81.97,81.94,81.96,82.01,82.05,82.05,82.07,82.08,82.09,82.12,82.13,82.18,82.19,82.19,82.23,82.21,82.19,82.2,82.26,82.28,82.33,82.3,82.32,82.35,82.35,82.37,82.42,82.39,82.38,82.42,82.43,82.45,82.43,82.44,82.54,82.54,82.54,82.56,82.6,82.6,82.56,82.58,82.59,82.58,82.57,82.63,82.7,82.73,82.75,82.75,82.78,82.77,82.73,82.74,82.72,82.83,82.81,82.8,82.88,82.86,82.89,82.83,82.89,82.99,82.94,82.92,83.01,83,83,83,82.96,83.02,83.04,83.02,83.03,83.13,83.11,83.14,83.11,83.14,83.16,83.12,83.26,83.15,83.17,83.21,83.24,83.33,83.25,83.26,83.27,83.29,83.16,83.36,83.32,83.38,83.38
6041,7,0.1,25,DMF,FALSE,33.41,26.25,22.1,18.8,15.71,13.85,12.21,10.95,10.34,9.63,9.31,9.04,8.81,8.54,8.5,8.33,8.17,8.1,8.1,8.11,8.15,8.19,8.27,8.39,8.53,8.73,9,9.3,9.55,9.9,10.27,10.72,11.21,11.66,12.16,12.77,13.38,13.97,14.59,15.2,15.79,16.36,16.92,17.45,17.92,18.3,18.65,18.93,19.18,19.36,19.49,19.59,19.64,19.63,19.61,19.57,19.55,19.52,19.46,19.43,19.41,19.35,19.31,19.27,19.23,19.21,19.19,19.16,19.14,19.09,19.05,19.01,19,18.96,18.92,18.91,18.89,18.86,18.83,18.81,18.85,18.84,18.82,18.83,18.85,18.81,18.8,18.78,18.76,18.78,18.77,18.76,18.78,18.77,18.78,18.78,18.77,18.75,18.75,18.77,18.79,18.78,18.8,18.79,18.78,18.79,18.78,18.83,18.83,18.83,18.87,18.89,18.87,18.88,18.91,18.94,18.93,18.95,18.97,18.96,18.96,18.9,18.95,18.93,18.91,18.89,18.83,18.82,18.93,18.35,18.14,18.12,18.05,18.1,18.1,18.04,18.03,17.93,18.05,18.09,18.16,18.13,18.18,18.25,18.27,18.31,18.42,18.38,18.58,18.53,18.58,18.67,18.85,18.89,19,19.02,19.2,19.3,19.4,19.51,19.73,19.79,19.91,20.09,20.23,20.3,20.51,20.66,20.81,21.05,21.2,21.41,21.61,21.84,22.07,22.23,22.48,22.71,22.95,23.29,23.46,23.71,23.9,24.08,24.28,24.51,24.81,25,25.38,26.88,26.86,27.26,27.67,28.09,28.5,28.96,29.41,29.95,30.38,30.88,31.4,31.86,32.43,32.94,33.48,34.08,34.63,35.2,35.75,36.38,36.98,37.53,38.14,38.73,39.37,39.94,40.61,41.2,41.79,42.46,43.07,43.7,44.29,44.89,45.52,46.14,46.71,47.35,47.95,48.54,49.12,49.67,50.27,50.85,51.39,51.91,52.45,52.99,53.49,53.98,54.47,54.96,55.43,55.93,56.36,56.83,57.24,57.65,58.04,58.45,58.84,59.19,59.56,59.94,60.31,60.62,61.01,61.33,61.63,61.96,62.23,62.49,62.78,63.04,63.32,63.56,63.83,64.06,64.27,64.46,64.65,64.83,65.01,65.18,65.33,65.43,65.56,65.71,65.84,66,66.15,66.29,66.43,66.56,66.71,66.85,66.97,67.1,67.25,67.38,67.5,67.67,67.86,68.07,68.29,68.52,68.73,68.91,69.11,69.26,69.44,69.62,69.75,69.91,70.06,70.21,70.32,70.43,70.54,70.68,70.79,70.87,70.96,70.98,70.68,70.7,71,71.2,71.3,71.38,71.45,71.54,71.62,71.7,71.73,71.71,71.77,71.81,71.83,71.92,71.96,72.01,72.04,72.15,72.09,72.08,72.12,72.2,72.29,72.38,72.44,72.51,72.59,72.7,72.78,72.82,72.92,73.01,73.09,73.16,73.22,73.29,73.36,73.43,73.53,73.75,73.94,74,74.01,74.05,74.06,74.12,74.16,74.23,74.34,74.35,74.44,74.49,74.56,74.65,74.75,74.81,74.89,74.92,75.01,75.07,75.1,75.16,75.22,75.32,75.34,75.4,75.51,75.56,75.6,75.63,75.72,75.77,75.89,75.9,75.96,76.01,76.07,76.12,76.17,76.25,76.31,76.34,76.4,76.46,76.5,76.59,76.63,76.72,76.74,76.79,76.83,76.86,76.93,77,77.04,77.07,77.11,77.18,77.23,77.3,77.31,77.39,77.45,77.51,77.58,77.58,77.62,77.65,77.68,77.73,77.78,77.83,77.85,77.9,77.92,77.98,78,78.04,78.07,78.13,78.17,78.19,78.25,78.29,78.33,78.36,78.41,78.48,78.47,78.49,78.53,78.58,78.59,78.64,78.69,78.7,78.75,78.75,78.82,78.82,78.88,78.89,78.88,78.89,78.94,78.97,79,79.03,79.06,79.11,79.12,79.18,79.2,79.2,79.21,79.26,79.3,79.34,79.33,79.35,79.37,79.4,79.44,79.5,79.52,79.52,79.57,79.57,79.59,79.61,79.66,79.67,79.65,79.69,79.75,79.77,79.77,79.79,79.82,79.82,79.81,79.86,79.89,79.92,79.93,79.93,79.99,80.02,80,80.02,80.07,80.1,80.13,80.14,80.15,80.15,80.13,80.17,80.19,80.2,80.21,80.22,80.27,80.27,80.31,80.33,80.38,80.38,80.38,80.42,80.39,80.38,80.42,80.43,80.45,80.47,80.49,80.48,80.53,80.54,80.59,80.61,80.59,80.63,80.69,80.61,80.59,80.64,80.66,80.69,80.7,80.7,80.78,80.79,80.72,80.74,80.77,80.82,80.76,80.81,80.88,80.86,80.87,80.89,80.89,80.92,80.95,80.95,80.97,80.93,81.01,81.05,80.96,81.02,81.05,81,81.07,81.05,81.08,81.1,81.14,81.16,81.14,81.18,81.23,81.2,81.29,81.24,81.18,81.21,81.25,81.25,81.3,81.4,81.38,81.33,81.35,81.33,81.34,81.39,81.38,81.36,81.42,81.43,81.35,81.45,81.42,81.48,81.46,81.45,81.44,81.5,81.52,81.55,81.6
6031,8,0.1,25,W,FALSE,28.79,20.73,16.31,13,9.82,7.99,6.35,5.02,4.51,3.91,3.41,3.22,2.95,2.74,2.58,2.5,2.33,2.21,2.17,2.09,1.95,1.89,1.81,1.78,1.72,1.66,1.57,1.54,1.53,1.49,1.48,1.46,1.4,1.39,1.36,1.33,1.32,1.33,1.3,1.28,1.26,1.27,1.27,1.25,1.21,1.22,1.23,1.2,1.17,1.15,1.11,1.08,1.07,1.06,1.05,1.04,1.05,1.06,1.05,1.07,1.06,1.06,1.07,1.07,1.09,1.13,1.14,1.13,1.14,1.15,1.14,1.14,1.14,1.12,1.1,1.09,1.09,1.07,1.06,1.05,1.05,1.03,1.03,1.06,1.07,1.06,1.08,1.07,1.07,1.05,1.04,1.06,1.05,1.07,1.07,1.07,1.07,1.08,1.1,1.1,1.09,1.09,1.1,1.12,1.14,1.14,1.11,1.16,1.15,1.16,1.17,1.19,1.18,1.19,1.19,1.21,1.25,1.26,1.31,1.34,1.31,1.31,1.32,1.31,1.32,1.28,1.29,1.32,1.49,1.74,1.79,1.78,1.74,1.76,1.78,1.78,1.74,1.82,1.83,1.84,1.84,1.89,1.9,1.89,1.92,2,1.93,1.99,2,2.08,2.1,2.12,2.13,2.2,2.23,2.31,2.29,2.4,2.45,2.5,2.53,2.58,2.6,2.66,2.75,2.8,2.9,2.94,3.03,3.08,3.16,3.26,3.33,3.44,3.53,3.59,3.72,3.81,3.92,4.05,4.12,4.25,4.36,4.48,4.6,4.63,4.71,4.75,4.88,6.63,6.85,7.11,7.42,7.74,8.05,8.39,8.73,9.09,9.51,9.92,10.31,10.73,11.19,11.63,12.09,12.57,13.05,13.57,14.09,14.62,15.17,15.73,16.29,16.87,17.47,18.08,18.68,19.31,19.93,20.56,21.19,21.83,22.49,23.1,23.74,24.4,25.05,25.76,26.42,27.05,27.67,28.3,28.94,29.56,30.19,30.85,31.46,32.03,32.64,33.23,33.81,34.4,34.98,35.54,36.05,36.6,37.12,37.64,38.14,38.61,39.08,39.53,40.02,40.5,40.97,41.42,41.89,42.35,42.75,43.16,43.55,43.91,44.3,44.66,45.05,45.38,45.74,46.08,46.38,46.68,46.95,47.22,47.5,47.76,47.99,48.19,48.4,48.62,48.84,49.06,49.29,49.52,49.72,49.93,50.16,50.41,50.6,50.79,51.01,51.18,51.33,51.5,51.73,52.07,52.44,52.8,53.11,53.4,53.69,53.95,54.17,54.43,54.67,54.89,55.11,55.32,55.53,55.73,55.93,56.13,56.3,56.45,56.62,56.75,56.65,56.53,56.68,56.99,57.21,57.34,57.47,57.6,57.75,57.87,57.95,57.98,58.09,58.2,58.27,58.37,58.47,58.57,58.69,58.83,58.83,58.88,59.01,59.14,59.25,59.39,59.52,59.65,59.79,59.92,60.01,60.14,60.28,60.42,60.53,60.68,60.77,60.88,60.81,61.12,61.43,61.54,61.65,61.74,61.79,61.9,61.97,62.08,62.19,62.28,62.41,62.52,62.62,62.71,62.85,62.93,63.03,63.15,63.31,63.45,63.51,63.61,63.68,63.78,63.85,63.95,64.04,64.09,64.22,64.31,64.38,64.47,64.54,64.63,64.75,64.8,64.87,64.94,65.02,65.12,65.24,65.28,65.35,65.44,65.48,65.55,65.63,65.72,65.76,65.88,65.93,65.98,66.06,66.16,66.21,66.31,66.3,66.38,66.45,66.53,66.6,66.65,66.74,66.79,66.82,66.88,66.94,66.97,67.03,67.1,67.18,67.2,67.28,67.31,67.35,67.42,67.43,67.5,67.52,67.59,67.65,67.69,67.77,67.76,67.81,67.81,67.89,67.94,67.99,68,68.06,68.11,68.1,68.15,68.2,68.23,68.25,68.27,68.3,68.34,68.41,68.41,68.48,68.51,68.5,68.52,68.54,68.6,68.65,68.67,68.65,68.7,68.75,68.82,68.81,68.83,68.86,68.88,68.85,68.92,68.93,68.91,68.96,69.01,69,69.03,69.04,69.02,69.07,69.11,69.13,69.15,69.15,69.14,69.2,69.26,69.29,69.31,69.28,69.3,69.33,69.31,69.29,69.33,69.36,69.42,69.43,69.4,69.42,69.42,69.42,69.49,69.53,69.51,69.52,69.55,69.58,69.56,69.55,69.56,69.55,69.55,69.59,69.6,69.66,69.67,69.66,69.67,69.66,69.67,69.68,69.69,69.68,69.72,69.76,69.73,69.75,69.76,69.73,69.72,69.79,69.79,69.77,69.76,69.78,69.85,69.84,69.79,69.81,69.82,69.82,69.87,69.81,69.82,69.88,69.85,69.84,69.82,69.88,69.89,69.88,69.85,69.92,69.94,69.93,69.94,69.94,69.96,69.98,69.99,69.98,69.96,69.98,69.97,69.97,69.99,70.02,70.01,70.06,70.03,70.07,70.05,70.08,70.08,70.09,70.1,70.11,70.07,70.12,70.09,70.11,70.1,70.07,70.06,70.17,70.17,70.16,70.13,70.14,70.12,70.06,70.21,70.18,70.22,70.26,70.18,70.21,70.23,70.18,70.28,70.11,70.21,70.15,70.29,70.21,70.27,70.36
6018,9,0.03,0,W,FALSE,30.89,22.97,18.57,15.84,12.7,10.71,9.21,8.11,7.45,6.85,6.48,6.22,5.96,5.75,5.66,5.46,5.23,5.07,5.07,5.05,4.95,4.83,4.81,4.75,4.64,4.63,4.6,4.6,4.65,4.7,4.72,4.77,4.79,4.86,4.93,4.93,4.96,5.03,5.1,5.18,5.22,5.23,5.23,5.26,5.26,5.21,5.23,5.24,5.21,5.17,5.12,5.13,5.12,5.07,5.05,5.05,5,4.95,4.95,4.95,4.94,4.93,4.94,4.93,4.93,4.91,4.9,4.9,4.91,4.94,4.93,4.91,4.84,4.82,4.84,4.8,4.74,4.73,4.72,4.72,4.71,4.71,4.7,4.67,4.66,4.66,4.67,4.66,4.64,4.61,4.61,4.6,4.59,4.59,4.58,4.57,4.57,4.58,4.56,4.53,4.54,4.54,4.53,4.53,4.54,4.57,4.57,4.59,4.6,4.61,4.63,4.61,4.62,4.65,4.69,4.72,4.75,4.78,4.83,4.87,4.88,4.91,4.91,4.95,4.98,5.01,5.08,5.1,5.29,5.34,5.29,5.36,5.39,5.43,5.47,5.52,5.59,5.68,5.73,5.79,5.89,5.97,6.1,6.2,6.34,6.45,6.5,6.65,6.75,6.9,7.01,7.13,7.29,7.41,7.55,7.73,7.93,8.13,8.27,8.48,8.69,8.79,9.04,9.27,9.46,9.67,9.93,10.12,10.42,10.6,10.91,11.16,11.42,11.74,12,12.26,12.56,12.84,13.15,13.42,13.72,14.06,14.37,14.7,14.95,15.22,15.54,15.76,16.21,17.79,17.7,18.1,18.52,18.93,19.36,19.81,20.25,20.69,21.2,21.65,22.12,22.53,23.03,23.47,23.96,24.37,24.86,25.36,25.8,26.24,26.7,27.11,27.57,28.01,28.44,28.85,29.29,29.71,30.1,30.5,30.88,31.26,31.66,32.03,32.38,32.75,33.09,33.44,33.76,34.09,34.41,34.71,35.02,35.3,35.56,35.86,36.13,36.4,36.67,36.9,37.14,37.39,37.6,37.83,38.03,38.26,38.43,38.62,38.8,38.97,39.15,39.32,39.47,39.66,39.83,39.98,40.15,40.29,40.42,40.56,40.67,40.79,40.95,41.09,41.22,41.35,41.48,41.57,41.67,41.77,41.88,41.96,42.06,42.16,42.25,42.3,42.36,42.45,42.51,42.6,42.69,42.73,42.78,42.84,42.89,42.98,43.04,43.09,43.16,43.21,43.32,43.44,43.52,43.58,43.63,43.7,43.78,43.84,43.9,43.98,44.03,44.05,44.1,44.17,44.23,44.27,44.31,44.37,44.45,44.49,44.54,44.61,44.67,44.75,44.82,44.9,44.92,44.89,44.8,44.83,44.94,45.09,45.23,45.32,45.35,45.39,45.45,45.52,45.57,45.61,45.67,45.7,45.71,45.79,45.76,45.76,45.8,45.84,45.86,45.9,45.92,45.96,45.99,45.87,46.06,46.23,46.27,46.22,46.24,46.24,46.24,46.25,46.26,46.29,46.36,46.38,46.37,46.45,46.45,46.48,46.47,46.56,46.53,46.57,46.66,46.65,46.66,46.7,46.74,46.78,46.81,46.85,46.96,46.91,46.89,46.93,46.94,46.97,47,47.03,47.03,47.06,47.14,47.17,47.19,47.25,47.27,47.3,47.34,47.32,47.36,47.34,47.39,47.43,47.45,47.45,47.54,47.54,47.56,47.58,47.59,47.64,47.66,47.66,47.69,47.69,47.71,47.75,47.8,47.83,47.86,47.9,47.89,47.89,47.92,47.96,47.99,48.04,48.03,48.04,48.03,48.07,48.09,48.12,48.12,48.16,48.16,48.18,48.2,48.24,48.23,48.24,48.25,48.28,48.31,48.32,48.35,48.35,48.37,48.39,48.4,48.42,48.42,48.45,48.48,48.51,48.54,48.55,48.53,48.55,48.54,48.58,48.6,48.61,48.66,48.63,48.65,48.69,48.68,48.68,48.7,48.73,48.75,48.73,48.76,48.77,48.79,48.78,48.79,48.8,48.82,48.83,48.84,48.87,48.87,48.88,48.88,48.9,48.92,48.92,48.94,48.93,48.95,48.98,48.97,49,49.03,48.98,48.98,49.02,49.06,49.07,49.06,49.09,49.09,49.09,49.1,49.1,49.12,49.16,49.18,49.17,49.18,49.16,49.12,49.13,49.17,49.2,49.23,49.24,49.24,49.22,49.21,49.23,49.22,49.24,49.28,49.28,49.29,49.31,49.32,49.33,49.34,49.31,49.33,49.38,49.37,49.35,49.36,49.41,49.4,49.39,49.4,49.4,49.4,49.4,49.43,49.44,49.42,49.47,49.48,49.45,49.46,49.47,49.45,49.47,49.49,49.5,49.51,49.5,49.51,49.55,49.53,49.51,49.5,49.52,49.55,49.56,49.6,49.56,49.57,49.58,49.63,49.63,49.63,49.58,49.62,49.66,49.6,49.62,49.66,49.67,49.66,49.65,49.67,49.64,49.68,49.66,49.73,49.69,49.69,49.71,49.73,49.72,49.7,49.71,49.71,49.71,49.7,49.72,49.72,49.74,49.69,49.69,49.71,49.77,49.74,49.77,49.77,49.73,49.73,49.78,49.73,49.77,49.77,49.7,49.8,49.79,49.78,49.79,49.86
6029,11,0,0,FALSE,FALSE,87.63,88.17,89.49,90.92,92.88,94.76,96.29,97.68,98.86,99.79,99.97,100.07,99.8,99.14,98.26,97.39,96.39,95.18,93.93,92.69,91.36,90.19,89.02,87.95,87.03,86.3,85.6,84.95,84.46,84.09,83.75,83.42,83.24,83.12,82.96,82.88,82.78,82.69,82.66,82.59,82.46,82.41,82.38,82.26,82.13,82.02,81.9,81.82,81.71,81.63,81.58,81.44,81.23,80.95,80.64,80.4,80.19,80.06,79.98,79.79,79.61,79.45,79.27,79.15,79.05,78.98,78.9,78.84,78.81,78.73,78.64,78.56,78.45,78.4,78.36,78.32,78.32,78.39,78.42,78.42,78.46,78.48,78.57,78.67,78.79,78.82,78.87,78.96,79.04,79.11,79.22,79.46,79.6,79.67,79.84,79.96,80.05,80.22,80.38,80.58,80.71,80.85,81.07,81.25,81.46,81.62,81.8,82.07,82.17,82.34,82.57,82.9,83.09,83.21,83.39,83.57,83.79,83.94,84.16,84.21,84.42,84.49,84.67,84.8,84.94,85.07,84.99,85.03,85.03,82.19,81.24,81.16,80.98,80.94,81.12,80.87,80.94,81.02,80.9,81.12,81.44,81.43,81.47,81.83,81.98,82.11,81.99,82.38,82.44,82.45,82.67,82.74,82.84,82.86,83.03,82.99,83.29,83.39,83.61,83.47,83.59,83.65,83.67,83.71,83.88,83.89,83.94,83.84,84.03,83.77,83.93,83.89,84.06,83.87,83.94,83.81,83.89,83.68,84.08,83.86,83.72,83.6,83.43,83.52,83.42,83.26,83.3,82.84,83.25,83.33,82.25,82.14,82.12,82.1,81.99,81.94,81.98,81.93,81.97,81.89,81.93,81.89,81.93,81.88,81.85,81.8,81.86,81.93,81.91,81.85,81.88,81.86,81.86,81.93,81.94,81.95,81.94,81.94,81.92,82.01,82.05,82.01,82.02,82.01,82.02,82.04,82.03,82.11,82.1,82.11,82.12,82.15,82.18,82.21,82.22,82.26,82.29,82.28,82.28,82.3,82.35,82.36,82.37,82.42,82.44,82.47,82.47,82.46,82.47,82.53,82.55,82.54,82.6,82.65,82.66,82.62,82.72,82.76,82.76,82.78,82.79,82.79,82.82,82.84,82.88,82.88,82.9,82.89,82.9,82.9,82.89,82.9,82.93,82.92,82.87,82.82,82.77,82.73,82.68,82.67,82.67,82.67,82.63,82.58,82.58,82.58,82.54,82.52,82.52,82.5,82.48,82.5,82.58,82.69,82.78,82.88,83,83.1,83.2,83.26,83.33,83.4,83.43,83.52,83.6,83.64,83.68,83.69,83.74,83.79,83.8,83.82,83.85,83.88,83.78,83.4,83.28,83.53,83.69,83.72,83.73,83.76,83.77,83.75,83.66,83.56,83.54,83.5,83.43,83.39,83.36,83.31,83.25,83.27,83.11,83.02,83.02,82.99,83,83.02,83,83.01,83.01,83.05,83.06,83.05,83.06,83.08,83.08,83.05,83.07,83.12,83.18,83.35,83.37,83.33,83.33,83.32,83.29,83.32,83.3,83.31,83.3,83.33,83.35,83.34,83.36,83.38,83.39,83.4,83.47,83.47,83.51,83.52,83.51,83.56,83.51,83.55,83.53,83.55,83.57,83.57,83.62,83.63,83.57,83.66,83.66,83.71,83.71,83.71,83.71,83.74,83.73,83.75,83.77,83.75,83.76,83.77,83.8,83.83,83.84,83.89,83.89,83.88,83.9,83.88,83.88,83.91,83.91,83.97,84,83.97,83.98,84,84.04,84.05,84.07,84.1,84.05,84.1,84.13,84.1,84.11,84.13,84.11,84.16,84.17,84.16,84.14,84.2,84.16,84.2,84.25,84.22,84.23,84.26,84.29,84.25,84.24,84.24,84.26,84.28,84.31,84.34,84.33,84.35,84.35,84.33,84.34,84.35,84.37,84.38,84.37,84.37,84.41,84.4,84.43,84.42,84.42,84.41,84.45,84.43,84.46,84.45,84.44,84.47,84.5,84.5,84.49,84.5,84.5,84.52,84.53,84.53,84.51,84.49,84.52,84.57,84.55,84.54,84.57,84.58,84.6,84.58,84.57,84.56,84.59,84.61,84.6,84.6,84.64,84.65,84.61,84.69,84.71,84.65,84.66,84.69,84.69,84.72,84.72,84.72,84.69,84.66,84.68,84.69,84.74,84.76,84.78,84.77,84.76,84.74,84.75,84.75,84.75,84.76,84.76,84.74,84.79,84.79,84.8,84.81,84.85,84.86,84.84,84.83,84.8,84.8,84.85,84.88,84.88,84.85,84.87,84.84,84.87,84.91,84.94,84.92,84.87,84.95,84.96,84.91,84.92,84.92,84.92,84.94,84.95,84.94,84.99,84.98,84.99,85.01,85.03,84.95,84.94,85.03,85.07,85.01,85.05,85.11,85.11,85.06,85.06,85.11,85.16,85.13,85.15,85.16,85.12,85.15,85.15,85.16,85.25,85.18,85.17,85.2,85.19,85.25,85.23,85.24,85.28,85.26,85.29,85.24,85.28,85.25,85.25,85.21,85.31,85.31,85.32,85.34,85.37,85.35,85.31,85.39,85.31,85.35,85.43,85.37,85.36,85.39,85.36,85.42,85.4,85.45,85.39,85.46,85.53,85.56,85.54
6042,11,0,0,FALSE,FALSE,83.41,83.85,84.65,85.87,86.95,88.34,89.52,90.89,91.97,92.7,92.85,93.1,92.75,92.26,91.54,90.81,89.94,88.89,87.91,86.9,85.84,84.87,83.85,82.94,82.13,81.54,80.99,80.45,80.09,79.78,79.5,79.27,79.11,78.96,78.89,78.8,78.74,78.66,78.58,78.47,78.45,78.38,78.29,78.18,78.12,78.03,77.9,77.8,77.74,77.64,77.55,77.44,77.19,76.9,76.64,76.41,76.2,76.06,75.94,75.79,75.65,75.5,75.3,75.12,75.02,74.92,74.82,74.76,74.67,74.59,74.53,74.46,74.42,74.36,74.26,74.21,74.22,74.27,74.3,74.29,74.31,74.38,74.46,74.53,74.61,74.68,74.8,74.9,74.96,74.99,75.07,75.27,75.38,75.45,75.64,75.78,75.9,76,76.13,76.28,76.43,76.58,76.76,76.97,77.12,77.31,77.46,77.77,77.87,78.07,78.32,78.49,78.65,78.81,78.98,79.13,79.3,79.41,79.64,79.79,79.95,79.95,80.1,80.28,80.49,80.49,80.48,80.53,80.54,76.78,75.48,75.29,75.34,75.4,75.41,75.09,75.13,75.2,75.43,75.5,75.58,75.71,75.75,75.9,75.99,75.98,76,76.27,76.65,76.49,76.59,76.77,76.76,76.81,76.89,77.1,77.24,77.11,77.08,77.21,77.18,77.44,77.43,77.4,77.56,77.58,77.73,77.54,77.65,77.5,77.64,77.58,77.61,77.77,77.54,77.47,77.53,77.32,77.58,77.52,77.1,77.37,77.04,76.99,76.75,76.77,76.95,76.59,76.77,76.78,74.63,74.56,74.48,74.42,74.38,74.32,74.35,74.28,74.33,74.2,74.18,74.22,74.22,74.14,74.2,74.13,74.15,74.19,74.19,74.16,74.15,74.12,74.08,74.12,74.15,74.12,74.11,74.14,74.12,74.17,74.14,74.13,74.12,74.12,74.12,74.14,74.12,74.15,74.14,74.16,74.2,74.17,74.2,74.18,74.16,74.18,74.18,74.2,74.21,74.19,74.2,74.21,74.22,74.26,74.26,74.29,74.29,74.3,74.3,74.26,74.29,74.31,74.31,74.33,74.36,74.35,74.4,74.41,74.39,74.4,74.37,74.35,74.36,74.35,74.35,74.33,74.32,74.31,74.3,74.25,74.21,74.18,74.13,74.08,74.05,73.97,73.91,73.87,73.84,73.85,73.86,73.85,73.82,73.81,73.82,73.83,73.81,73.8,73.84,73.81,73.79,73.8,73.84,73.98,74.12,74.23,74.31,74.34,74.4,74.43,74.46,74.52,74.52,74.53,74.56,74.58,74.58,74.56,74.57,74.6,74.56,74.53,74.48,74.39,74,73.89,74.1,74.18,74.15,74.15,74.14,74.16,74.16,74.15,74.07,73.99,73.95,73.9,73.91,73.91,73.9,73.86,73.8,73.84,73.75,73.67,73.67,73.72,73.74,73.74,73.77,73.78,73.77,73.81,73.84,73.85,73.89,73.89,73.89,73.87,73.9,73.96,73.94,73.95,74,74.11,74.26,74.26,74.2,74.18,74.13,74.15,74.12,74.12,74.13,74.13,74.13,74.14,74.16,74.17,74.19,74.17,74.2,74.26,74.24,74.22,74.2,74.21,74.21,74.22,74.2,74.25,74.24,74.25,74.21,74.22,74.23,74.25,74.31,74.27,74.25,74.27,74.25,74.24,74.27,74.24,74.28,74.29,74.29,74.28,74.26,74.33,74.29,74.31,74.3,74.29,74.29,74.29,74.3,74.33,74.33,74.32,74.32,74.31,74.35,74.34,74.35,74.33,74.32,74.33,74.37,74.38,74.33,74.37,74.35,74.34,74.38,74.35,74.33,74.36,74.34,74.37,74.36,74.38,74.38,74.36,74.39,74.35,74.34,74.35,74.37,74.35,74.34,74.34,74.39,74.36,74.38,74.37,74.34,74.35,74.36,74.37,74.37,74.37,74.35,74.33,74.34,74.34,74.31,74.31,74.34,74.29,74.32,74.33,74.32,74.33,74.33,74.35,74.33,74.34,74.31,74.31,74.34,74.33,74.32,74.29,74.3,74.32,74.31,74.34,74.3,74.29,74.33,74.34,74.33,74.31,74.31,74.3,74.28,74.3,74.31,74.33,74.3,74.3,74.3,74.29,74.27,74.28,74.3,74.31,74.3,74.28,74.28,74.28,74.27,74.29,74.3,74.3,74.32,74.29,74.28,74.29,74.29,74.25,74.23,74.24,74.26,74.25,74.28,74.26,74.28,74.29,74.26,74.28,74.3,74.33,74.27,74.24,74.25,74.24,74.23,74.23,74.25,74.27,74.25,74.25,74.3,74.29,74.26,74.29,74.3,74.27,74.25,74.29,74.26,74.27,74.24,74.22,74.3,74.3,74.22,74.22,74.25,74.27,74.24,74.27,74.3,74.25,74.32,74.34,74.3,74.31,74.35,74.35,74.34,74.34,74.33,74.31,74.28,74.32,74.33,74.32,74.37,74.33,74.35,74.37,74.37,74.39,74.4,74.32,74.36,74.36,74.4,74.39,74.36,74.43,74.38,74.39,74.38,74.44,74.48,74.4,74.44,74.39,74.41,74.44,74.42,74.41,74.46,74.4,74.4,74.44,74.42,74.4,74.46,74.49,74.49,74.44,74.38,74.54,74.56
6021,14,0,25,FALSE,FALSE,79.16,76.67,74.96,74.06,73.1,72.55,72.05,71.67,71.28,70.93,70.29,69.8,69.16,68.69,68.07,67.65,67.35,67.01,66.75,66.67,66.59,66.71,66.79,67.13,67.59,68.14,68.73,69.49,70.27,71.09,71.94,72.74,73.63,74.6,75.43,76.18,76.94,77.63,78.31,78.9,79.43,79.87,80.33,80.71,81.04,81.36,81.63,81.86,82.02,82.15,82.32,82.47,82.47,82.36,82.26,82.2,82.24,82.33,82.42,82.48,82.49,82.52,82.55,82.57,82.61,82.66,82.71,82.76,82.83,82.9,82.9,82.9,82.94,82.97,82.94,82.91,82.9,82.95,82.96,82.99,83.02,83.01,83.14,83.28,83.36,83.39,83.4,83.52,83.63,83.75,83.88,84.12,84.31,84.47,84.68,84.89,85.11,85.31,85.5,85.72,85.95,86.23,86.51,86.77,87.03,87.28,87.53,87.84,88.01,88.31,88.59,88.86,89.09,89.29,89.52,89.81,89.99,90.27,90.41,90.6,90.79,90.97,91.18,91.35,91.6,91.77,91.73,91.74,91.77,89.12,88.13,88.25,87.97,88.12,88.24,87.94,88.06,88.36,88.54,88.55,88.67,88.74,88.81,89.19,89.27,89.34,89.52,89.84,90.16,90.24,90.2,90.32,90.42,90.53,90.73,90.88,91.21,91.07,91.27,91.26,91.53,91.48,91.42,91.74,91.82,91.84,91.83,91.75,92.02,91.78,92.04,92.09,92.17,92.1,92.13,92.03,92.05,91.88,92.23,92.11,92.05,92.21,92.08,92.09,92.05,91.77,92.29,91.8,91.99,92.19,91.23,91.3,91.27,91.3,91.35,91.38,91.39,91.46,91.56,91.54,91.58,91.67,91.8,91.8,91.91,91.96,92.02,92.18,92.2,92.28,92.3,92.37,92.39,92.49,92.62,92.64,92.71,92.78,92.78,92.89,92.92,92.95,93,93.05,93.09,93.13,93.19,93.24,93.28,93.35,93.39,93.39,93.5,93.48,93.49,93.58,93.64,93.69,93.69,93.7,93.73,93.82,93.83,93.89,93.92,93.96,93.96,93.99,94.06,94.08,94.1,94.11,94.2,94.29,94.28,94.26,94.34,94.36,94.4,94.42,94.42,94.4,94.44,94.46,94.52,94.49,94.5,94.51,94.52,94.52,94.51,94.5,94.52,94.53,94.53,94.48,94.44,94.44,94.43,94.45,94.46,94.45,94.43,94.45,94.49,94.5,94.52,94.53,94.59,94.63,94.66,94.72,94.8,94.9,94.99,95.08,95.21,95.29,95.36,95.42,95.5,95.54,95.55,95.61,95.66,95.66,95.64,95.65,95.69,95.7,95.68,95.68,95.7,95.72,95.68,95.64,95.57,95.39,95.34,95.46,95.54,95.62,95.68,95.7,95.6,95.51,95.5,95.5,95.45,95.47,95.5,95.45,95.44,95.52,95.39,95.28,95.3,95.34,95.38,95.43,95.44,95.45,95.52,95.57,95.58,95.58,95.62,95.5,95.68,95.93,95.95,95.95,95.9,95.91,95.93,95.95,95.97,96.02,96.02,96.04,96.04,96.06,96.05,96.07,96.17,96.14,96.18,96.18,96.22,96.22,96.27,96.26,96.35,96.34,96.35,96.37,96.36,96.38,96.36,96.43,96.42,96.42,96.47,96.49,96.49,96.48,96.51,96.56,96.6,96.58,96.57,96.59,96.6,96.62,96.66,96.64,96.69,96.69,96.7,96.74,96.73,96.78,96.79,96.79,96.8,96.8,96.76,96.81,96.87,96.85,96.88,96.88,96.91,96.94,96.98,97.02,97,97.03,97.01,97.11,97.08,97.07,97.07,97.07,97.08,97.11,97.15,97.13,97.15,97.17,97.15,97.19,97.22,97.25,97.24,97.24,97.31,97.27,97.31,97.31,97.33,97.34,97.34,97.35,97.39,97.4,97.44,97.41,97.43,97.47,97.46,97.45,97.44,97.45,97.48,97.49,97.52,97.52,97.51,97.48,97.52,97.54,97.57,97.57,97.57,97.61,97.62,97.6,97.59,97.61,97.6,97.63,97.68,97.7,97.67,97.65,97.67,97.72,97.7,97.68,97.69,97.72,97.75,97.75,97.76,97.8,97.79,97.76,97.78,97.85,97.91,97.9,97.88,97.9,97.93,97.93,97.92,97.94,97.95,97.97,98.02,98.02,98.03,98.04,98.03,98.09,98.14,98.12,98.14,98.14,98.13,98.1,98.12,98.18,98.17,98.17,98.24,98.28,98.31,98.29,98.3,98.36,98.37,98.36,98.35,98.37,98.37,98.36,98.43,98.44,98.4,98.41,98.47,98.47,98.5,98.53,98.53,98.51,98.5,98.58,98.59,98.53,98.51,98.53,98.55,98.61,98.58,98.63,98.73,98.68,98.65,98.7,98.67,98.63,98.65,98.71,98.76,98.72,98.78,98.83,98.84,98.82,98.88,98.85,98.83,98.81,98.82,98.88,98.83,98.88,98.87,98.89,98.97,98.92,98.96,98.96,99.08,99.1,99.04,99.03,99.08,99.02,99.09,99.12,99.09,99.11,99.15,99.06,99.08,99.16,99.19,99.16,99.2,99.19,99.17,99.24,99.2,99.23,99.28,99.29,99.14,99.33,99.19,99.26,99.23,99.31,99.18,99.34,99.32,99.36,99.35
6032,27,0.1,0,W,TRUE,30.87,23.07,18.46,15.46,12.23,10.22,8.7,7.49,6.82,6.21,5.71,5.41,5.16,4.74,4.57,4.4,4.19,4.04,3.89,3.81,3.68,3.52,3.42,3.36,3.29,3.14,3.09,3.03,3.01,2.97,2.96,2.87,2.84,2.82,2.83,2.81,2.79,2.75,2.71,2.7,2.68,2.64,2.63,2.61,2.6,2.57,2.52,2.51,2.49,2.47,2.43,2.39,2.37,2.37,2.35,2.31,2.29,2.3,2.31,2.29,2.26,2.25,2.26,2.29,2.31,2.29,2.29,2.3,2.31,2.33,2.3,2.27,2.26,2.24,2.22,2.22,2.22,2.21,2.16,2.13,2.15,2.15,2.13,2.12,2.13,2.13,2.12,2.1,2.1,2.08,2.06,2.07,2.08,2.08,2.07,2.07,2.06,2.06,2.08,2.1,2.09,2.08,2.11,2.1,2.1,2.09,2.08,2.12,2.16,2.16,2.15,2.17,2.17,2.18,2.21,2.24,2.29,2.29,2.3,2.32,2.33,2.31,2.33,2.35,2.35,2.34,2.33,2.36,2.55,2.67,2.77,2.79,2.78,2.8,2.77,2.83,2.87,2.92,2.87,2.93,3.02,3,3.04,3.08,3.12,3.17,3.22,3.33,3.37,3.45,3.45,3.49,3.62,3.67,3.73,3.84,3.99,4.05,4.19,4.25,4.36,4.42,4.56,4.72,4.81,5.01,5.15,5.27,5.42,5.57,5.74,5.94,6.12,6.34,6.54,6.75,6.93,7.18,7.4,7.65,7.87,8.1,8.37,8.57,8.76,9.04,9.29,9.44,9.87,11.66,11.73,12.17,12.6,13.09,13.53,14.02,14.55,15.07,15.6,16.16,16.71,17.32,17.89,18.48,19.12,19.69,20.34,21,21.64,22.33,22.97,23.65,24.34,25.05,25.78,26.48,27.18,27.91,28.6,29.32,30.03,30.74,31.44,32.19,32.93,33.62,34.32,35.03,35.72,36.41,37.11,37.79,38.48,39.14,39.8,40.44,41.04,41.68,42.33,42.92,43.51,44.09,44.66,45.24,45.76,46.29,46.82,47.31,47.82,48.31,48.76,49.19,49.66,50.12,50.56,50.95,51.38,51.76,52.12,52.52,52.85,53.16,53.51,53.85,54.17,54.45,54.74,55.02,55.28,55.53,55.73,55.95,56.19,56.39,56.55,56.69,56.84,57.01,57.15,57.32,57.48,57.63,57.78,57.92,58.07,58.2,58.32,58.44,58.57,58.69,58.83,59.01,59.2,59.4,59.57,59.77,59.97,60.15,60.29,60.39,60.53,60.67,60.81,60.94,61.06,61.17,61.26,61.34,61.45,61.57,61.67,61.76,61.85,61.89,61.8,61.61,61.68,61.91,62.06,62.14,62.21,62.32,62.38,62.45,62.47,62.46,62.53,62.57,62.59,62.63,62.67,62.69,62.75,62.83,62.79,62.76,62.8,62.9,62.97,63.03,63.11,63.16,63.22,63.28,63.35,63.41,63.48,63.54,63.55,63.61,63.68,63.72,63.76,64.02,64.18,64.2,64.23,64.26,64.28,64.32,64.38,64.42,64.46,64.51,64.59,64.63,64.68,64.7,64.79,64.87,64.95,65,65.13,65.18,65.19,65.27,65.28,65.35,65.39,65.47,65.52,65.58,65.65,65.71,65.73,65.83,65.85,65.97,66.05,66.05,66.12,66.16,66.17,66.25,66.32,66.35,66.43,66.49,66.54,66.64,66.63,66.73,66.79,66.82,66.84,66.91,66.95,67,67.05,67.11,67.19,67.22,67.24,67.35,67.39,67.43,67.49,67.55,67.6,67.66,67.71,67.74,67.75,67.83,67.83,67.9,67.94,68.01,68.08,68.12,68.14,68.21,68.23,68.27,68.33,68.38,68.46,68.45,68.51,68.56,68.62,68.67,68.68,68.74,68.81,68.84,68.88,68.9,68.97,69.05,69.08,69.05,69.08,69.13,69.19,69.23,69.27,69.29,69.32,69.36,69.4,69.44,69.5,69.55,69.59,69.66,69.7,69.71,69.73,69.73,69.76,69.83,69.9,69.95,69.96,69.96,70,70.05,70.05,70.14,70.19,70.18,70.25,70.29,70.32,70.35,70.38,70.39,70.42,70.49,70.53,70.56,70.58,70.64,70.7,70.68,70.68,70.76,70.84,70.86,70.88,70.89,70.92,70.97,71,71.03,71.07,71.13,71.18,71.2,71.22,71.23,71.26,71.28,71.28,71.32,71.39,71.42,71.47,71.51,71.54,71.6,71.65,71.66,71.66,71.67,71.68,71.7,71.74,71.78,71.81,71.86,71.88,71.9,71.94,72.01,72.06,72.05,72.03,72.11,72.17,72.17,72.17,72.21,72.26,72.3,72.32,72.36,72.43,72.45,72.44,72.46,72.51,72.51,72.53,72.56,72.63,72.65,72.73,72.76,72.75,72.81,72.86,72.84,72.87,72.87,72.87,72.96,73,73.03,73.08,73.08,73.15,73.18,73.2,73.19,73.26,73.36,73.32,73.33,73.39,73.46,73.49,73.49,73.48,73.54,73.56,73.61,73.57,73.68,73.71,73.71,73.76,73.72,73.74,73.74,73.83,73.79,73.94,73.83,73.88,73.97,74.01,74.09,74.14,74.09,74.11,74.16,74.08,74.12,74.3
6025,28,0.1,0,DMF,TRUE,47.77,41.53,38.1,35.58,33.09,31.51,30.22,29.16,28.34,27.67,26.74,26.22,25.49,24.76,24.23,23.67,23.1,22.55,22.08,21.63,21.18,20.83,20.45,20.08,19.78,19.51,19.22,19.02,18.87,18.7,18.52,18.34,18.27,18.22,18.17,18.06,17.96,17.86,17.78,17.71,17.62,17.56,17.53,17.44,17.37,17.32,17.23,17.2,17.14,17.09,17.02,16.99,16.94,16.84,16.76,16.72,16.71,16.68,16.62,16.6,16.58,16.53,16.5,16.49,16.5,16.49,16.48,16.49,16.49,16.48,16.43,16.38,16.37,16.37,16.36,16.33,16.28,16.31,16.31,16.29,16.31,16.33,16.32,16.32,16.37,16.37,16.39,16.37,16.38,16.4,16.4,16.42,16.46,16.49,16.52,16.52,16.54,16.57,16.59,16.62,16.61,16.62,16.66,16.66,16.68,16.7,16.73,16.76,16.81,16.81,16.85,16.89,16.91,16.93,16.95,16.99,17.05,17.07,17.09,17.09,17.14,17.14,17.12,17.12,17.18,17.19,17.16,17.09,17.24,16.93,16.73,16.75,16.68,16.66,16.6,16.66,16.67,16.64,16.69,16.65,16.75,16.79,16.75,16.84,16.87,16.96,17.02,17.08,17.21,17.24,17.23,17.35,17.35,17.4,17.58,17.61,17.73,17.8,17.86,17.97,18.06,18.07,18.11,18.33,18.42,18.45,18.53,18.68,18.89,18.94,19.08,19.09,19.23,19.33,19.5,19.6,19.75,19.82,20.05,20.11,20.03,20.32,20.38,20.61,20.67,20.69,20.83,20.8,21.03,22.39,22.2,22.45,22.68,22.92,23.18,23.45,23.69,24.01,24.29,24.61,24.86,25.2,25.5,25.82,26.13,26.41,26.78,27.13,27.48,27.81,28.19,28.56,28.91,29.3,29.7,30.08,30.48,30.86,31.24,31.63,32.09,32.49,32.91,33.34,33.75,34.16,34.58,35.03,35.48,35.87,36.31,36.72,37.16,37.59,38.01,38.48,38.89,39.3,39.74,40.17,40.62,41.04,41.45,41.89,42.3,42.72,43.13,43.5,43.88,44.3,44.68,45.07,45.45,45.82,46.22,46.6,47.02,47.37,47.73,48.11,48.43,48.75,49.1,49.44,49.77,50.06,50.35,50.65,50.9,51.17,51.43,51.66,51.91,52.14,52.32,52.47,52.64,52.81,52.96,53.14,53.31,53.46,53.59,53.74,53.92,54.09,54.23,54.37,54.51,54.64,54.76,54.91,55.1,55.35,55.61,55.86,56.09,56.3,56.5,56.69,56.87,57.06,57.24,57.41,57.58,57.72,57.85,57.99,58.14,58.27,58.37,58.51,58.65,58.75,58.78,58.67,58.61,58.71,58.9,59.04,59.13,59.24,59.32,59.37,59.38,59.39,59.42,59.47,59.52,59.57,59.65,59.67,59.7,59.79,59.75,59.74,59.82,59.88,59.96,60.04,60.11,60.19,60.27,60.36,60.43,60.49,60.57,60.65,60.72,60.77,60.7,60.96,61.22,61.28,61.33,61.4,61.46,61.53,61.57,61.63,61.69,61.78,61.81,61.9,62.01,62.07,62.15,62.24,62.32,62.39,62.46,62.56,62.71,62.77,62.84,62.94,62.98,63.03,63.08,63.18,63.25,63.3,63.4,63.45,63.5,63.57,63.64,63.72,63.79,63.88,63.91,64,64.07,64.13,64.22,64.25,64.3,64.39,64.47,64.54,64.57,64.68,64.71,64.83,64.87,64.91,64.99,65.04,65.1,65.17,65.23,65.31,65.37,65.46,65.53,65.57,65.64,65.71,65.76,65.81,65.9,65.99,66.02,66.07,66.14,66.16,66.26,66.31,66.38,66.43,66.48,66.56,66.59,66.65,66.71,66.75,66.86,66.87,66.93,66.96,67.04,67.1,67.15,67.2,67.26,67.32,67.41,67.43,67.48,67.56,67.59,67.62,67.67,67.75,67.78,67.83,67.88,67.96,67.98,68.02,68.1,68.14,68.21,68.27,68.28,68.33,68.38,68.46,68.51,68.56,68.58,68.62,68.71,68.75,68.76,68.78,68.84,68.88,68.94,69,69.04,69.05,69.13,69.23,69.26,69.31,69.38,69.37,69.41,69.47,69.53,69.55,69.54,69.64,69.71,69.7,69.72,69.82,69.88,69.94,69.98,70,70.03,70.07,70.09,70.13,70.23,70.28,70.33,70.33,70.39,70.44,70.48,70.51,70.52,70.54,70.58,70.62,70.72,70.77,70.78,70.83,70.87,70.92,70.95,71.01,71.05,71.06,71.1,71.16,71.19,71.18,71.24,71.27,71.35,71.41,71.48,71.51,71.51,71.61,71.68,71.6,71.63,71.7,71.69,71.78,71.83,71.87,71.97,71.93,71.99,72.03,72.13,72.13,72.15,72.18,72.22,72.27,72.31,72.35,72.43,72.46,72.49,72.57,72.54,72.57,72.63,72.68,72.68,72.76,72.78,72.84,72.9,72.86,72.87,72.95,73.05,73.07,73.05,73.08,73.19,73.19,73.24,73.25,73.3,73.31,73.37,73.29,73.39,73.52,73.5,73.56,73.62,73.59,73.71,73.75,73.75,73.76,73.85,73.87,73.88,73.89,73.94,74,74.02,74,74,74.13,74.13,74.17,74.27
6038,28,0.1,0,DMF,TRUE,32.79,25.55,21.6,18.82,15.79,13.8,12.14,11.12,10.56,9.91,9.33,8.95,8.63,8.29,8.13,7.87,7.59,7.25,7.08,6.92,6.72,6.56,6.41,6.28,6.15,6.01,5.88,5.79,5.76,5.68,5.61,5.55,5.46,5.44,5.41,5.39,5.34,5.31,5.28,5.23,5.16,5.12,5.09,5.07,5.07,5.04,5.02,5,4.98,4.93,4.9,4.89,4.85,4.82,4.82,4.79,4.77,4.75,4.75,4.78,4.76,4.74,4.75,4.75,4.75,4.76,4.78,4.77,4.73,4.72,4.71,4.73,4.73,4.69,4.68,4.65,4.62,4.62,4.61,4.61,4.61,4.59,4.59,4.58,4.59,4.58,4.58,4.6,4.6,4.59,4.6,4.59,4.6,4.61,4.6,4.62,4.59,4.6,4.61,4.63,4.6,4.6,4.62,4.63,4.65,4.65,4.66,4.67,4.67,4.68,4.68,4.7,4.7,4.72,4.73,4.74,4.74,4.77,4.77,4.76,4.78,4.76,4.75,4.75,4.75,4.73,4.69,4.73,4.89,5.07,5.08,5.1,5.11,5.08,5.11,5.07,5.1,5.1,5.08,5.09,5.12,5.09,5.13,5.11,5.18,5.23,5.19,5.22,5.21,5.2,5.21,5.29,5.27,5.31,5.38,5.34,5.39,5.4,5.44,5.42,5.5,5.51,5.54,5.56,5.56,5.52,5.59,5.63,5.67,5.68,5.74,5.75,5.67,5.72,5.78,5.8,5.84,5.79,5.88,5.81,5.84,5.85,5.81,5.78,5.7,5.6,5.56,5.5,5.51,7.06,6.63,6.71,6.8,6.88,6.97,7.07,7.14,7.23,7.33,7.46,7.56,7.66,7.76,7.87,7.98,8.08,8.22,8.36,8.49,8.6,8.74,8.87,9.03,9.15,9.32,9.44,9.6,9.74,9.88,10.03,10.22,10.34,10.49,10.67,10.81,10.98,11.17,11.33,11.49,11.65,11.82,11.97,12.15,12.32,12.48,12.67,12.84,13.02,13.18,13.35,13.53,13.69,13.86,14.03,14.22,14.39,14.54,14.71,14.88,15.03,15.16,15.32,15.48,15.64,15.84,16.04,16.24,16.4,16.55,16.72,16.89,17.02,17.16,17.31,17.46,17.6,17.74,17.86,18,18.11,18.19,18.28,18.35,18.41,18.43,18.46,18.5,18.53,18.55,18.6,18.67,18.71,18.75,18.79,18.84,18.91,18.96,19.01,19.03,19,18.99,19.06,19.2,19.39,19.56,19.72,19.88,20.02,20.14,20.24,20.35,20.46,20.56,20.67,20.77,20.84,20.9,21,21.1,21.18,21.27,21.33,21.37,21.35,21.06,20.91,21.15,21.33,21.36,21.37,21.38,21.39,21.4,21.42,21.39,21.37,21.37,21.38,21.38,21.36,21.35,21.35,21.32,21.38,21.35,21.34,21.33,21.34,21.36,21.41,21.41,21.44,21.46,21.49,21.51,21.53,21.55,21.59,21.63,21.65,21.68,21.71,21.73,21.74,21.62,21.85,22.04,22.05,22.04,22.03,22.03,22.04,22.05,22.07,22.11,22.15,22.18,22.21,22.23,22.29,22.3,22.34,22.49,22.51,22.53,22.54,22.57,22.57,22.6,22.64,22.65,22.68,22.72,22.73,22.75,22.8,22.84,22.87,22.9,22.93,22.96,22.96,23.01,23.01,23.05,23.06,23.12,23.13,23.16,23.2,23.23,23.27,23.3,23.31,23.33,23.37,23.39,23.43,23.45,23.46,23.5,23.52,23.55,23.59,23.6,23.62,23.67,23.7,23.73,23.74,23.77,23.77,23.78,23.82,23.85,23.86,23.9,23.92,23.93,23.96,24.01,24.02,24.04,24.05,24.06,24.08,24.13,24.14,24.14,24.15,24.19,24.23,24.24,24.28,24.31,24.31,24.33,24.35,24.36,24.39,24.39,24.41,24.45,24.49,24.47,24.52,24.54,24.56,24.54,24.57,24.61,24.63,24.67,24.65,24.66,24.68,24.7,24.75,24.77,24.77,24.78,24.79,24.82,24.85,24.86,24.86,24.87,24.9,24.93,24.95,24.94,24.96,25,25.01,25.02,25.03,25.04,25.06,25.07,25.1,25.15,25.15,25.15,25.17,25.18,25.19,25.22,25.24,25.23,25.27,25.32,25.31,25.31,25.34,25.38,25.4,25.39,25.37,25.4,25.43,25.45,25.45,25.49,25.52,25.52,25.5,25.5,25.53,25.58,25.58,25.58,25.61,25.64,25.65,25.66,25.65,25.68,25.7,25.72,25.7,25.71,25.72,25.74,25.75,25.77,25.79,25.81,25.82,25.82,25.84,25.86,25.88,25.91,25.91,25.91,25.96,25.93,25.96,26,25.99,26,26.02,26.03,26.04,26.05,26.07,26.09,26.07,26.1,26.13,26.15,26.17,26.16,26.25,26.21,26.2,26.23,26.25,26.19,26.24,26.28,26.33,26.35,26.34,26.38,26.36,26.38,26.35,26.38,26.37,26.43,26.43,26.47,26.45,26.48,26.5,26.48,26.48,26.53,26.58,26.58,26.58,26.61,26.58,26.59,26.6,26.62,26.67,26.71,26.68,26.68,26.69,26.73,26.74,26.75,26.8,26.75,26.75,26.78,26.84,26.91
6035,29,0.03,25,DMF,TRUE,55.45,51,48.58,46.84,44.92,43.9,42.73,41.69,41,40.22,39.29,38.47,37.59,36.71,35.97,35.3,34.55,33.81,33.13,32.5,31.85,31.27,30.68,30.17,29.76,29.39,29.03,28.75,28.5,28.3,28.1,27.9,27.71,27.5,27.4,27.3,27.19,27.05,26.95,26.84,26.71,26.59,26.54,26.43,26.33,26.26,26.2,26.11,26.06,25.98,25.91,25.84,25.74,25.6,25.49,25.43,25.34,25.26,25.21,25.16,25.17,25.13,25.08,25.04,24.97,24.92,24.91,24.92,24.94,24.91,24.89,24.87,24.81,24.78,24.77,24.76,24.76,24.77,24.75,24.74,24.73,24.72,24.71,24.74,24.76,24.77,24.79,24.79,24.79,24.8,24.77,24.81,24.84,24.82,24.83,24.85,24.87,24.85,24.87,24.91,24.9,24.89,24.9,24.93,24.96,24.98,25.01,25.06,25.06,25.09,25.09,25.11,25.14,25.11,25.13,25.17,25.18,25.23,25.23,25.23,25.27,25.26,25.33,25.33,25.37,25.36,25.27,25.26,25.41,24.98,24.81,24.79,24.67,24.7,24.69,24.65,24.74,24.84,24.93,24.81,24.92,25.02,25.02,25.18,25.29,25.34,25.34,25.57,25.74,25.79,26.02,26.17,26.26,26.44,26.58,26.66,26.96,27.05,27.22,27.42,27.62,27.83,27.96,28.19,28.43,28.62,28.9,29.12,29.34,29.52,29.78,30.04,30.34,30.56,30.8,31.1,31.31,31.54,32.03,32.26,32.31,32.7,32.98,33.17,33.35,33.45,33.9,33.97,34.42,35.67,34.91,35.25,35.59,35.98,36.34,36.71,37.05,37.43,37.81,38.21,38.6,38.97,39.42,39.83,40.21,40.6,41.03,41.46,41.89,42.3,42.74,43.17,43.56,44.01,44.44,44.86,45.31,45.75,46.14,46.61,47.03,47.44,47.87,48.26,48.72,49.14,49.55,50,50.4,50.82,51.24,51.6,52.04,52.43,52.8,53.23,53.63,54,54.36,54.71,55.11,55.45,55.82,56.2,56.53,56.86,57.2,57.53,57.84,58.13,58.44,58.72,59.03,59.37,59.65,59.93,60.24,60.5,60.75,61.05,61.29,61.49,61.74,61.98,62.22,62.43,62.62,62.82,63.01,63.18,63.34,63.47,63.62,63.76,63.9,64.03,64.11,64.2,64.32,64.45,64.57,64.69,64.79,64.89,65.04,65.17,65.26,65.35,65.46,65.54,65.61,65.72,65.88,66.05,66.2,66.35,66.49,66.62,66.77,66.88,66.98,67.07,67.16,67.3,67.41,67.49,67.59,67.7,67.8,67.88,68,68.06,68.13,68.16,68,67.86,68.06,68.29,68.4,68.48,68.58,68.7,68.8,68.88,68.88,68.89,68.98,69.09,69.15,69.24,69.29,69.34,69.38,69.49,69.45,69.44,69.55,69.65,69.75,69.84,69.94,70.03,70.1,70.2,70.29,70.36,70.42,70.53,70.59,70.7,70.75,70.83,70.91,70.98,71.23,71.39,71.44,71.49,71.52,71.56,71.57,71.65,71.67,71.77,71.88,71.89,71.98,72.04,72.13,72.18,72.28,72.34,72.43,72.53,72.59,72.64,72.67,72.76,72.75,72.87,72.89,72.95,73.06,73.11,73.17,73.24,73.27,73.36,73.43,73.44,73.49,73.53,73.64,73.66,73.73,73.77,73.83,73.89,73.93,74.02,74.02,74.13,74.17,74.24,74.28,74.33,74.38,74.41,74.48,74.51,74.57,74.64,74.68,74.74,74.82,74.86,74.92,74.97,75.02,75.05,75.14,75.16,75.2,75.23,75.29,75.35,75.4,75.42,75.47,75.57,75.6,75.61,75.68,75.73,75.76,75.81,75.87,75.9,75.9,75.98,76.02,76.07,76.13,76.15,76.19,76.26,76.3,76.34,76.36,76.43,76.47,76.51,76.55,76.62,76.65,76.63,76.7,76.75,76.77,76.82,76.86,76.86,76.92,76.97,76.99,77.05,77.13,77.15,77.14,77.18,77.23,77.29,77.32,77.36,77.36,77.41,77.46,77.5,77.53,77.57,77.61,77.62,77.7,77.76,77.78,77.81,77.89,77.9,77.9,77.94,78.02,78.06,78.06,78.11,78.16,78.18,78.21,78.25,78.31,78.39,78.42,78.43,78.48,78.5,78.52,78.58,78.64,78.66,78.72,78.76,78.83,78.86,78.9,78.93,78.93,78.97,79,79.05,79.13,79.15,79.21,79.27,79.31,79.34,79.37,79.44,79.43,79.46,79.55,79.6,79.63,79.68,79.73,79.7,79.79,79.9,79.92,79.91,79.9,80.02,80.08,80.03,80.05,80.15,80.17,80.2,80.23,80.26,80.39,80.4,80.42,80.47,80.5,80.53,80.53,80.59,80.62,80.64,80.71,80.8,80.81,80.83,80.93,80.97,81.01,80.98,81.02,81.07,81.13,81.17,81.18,81.16,81.21,81.23,81.29,81.35,81.38,81.45,81.45,81.49,81.54,81.52,81.58,81.62,81.6,81.65,81.71,81.72,81.78,81.86,81.85,81.87,81.96,82.01,81.97,82.12,82.11,82.06,82.16,82.16,82.14,82.23,82.13,82.24,82.23,82.38,82.35,82.38,82.43,82.46,82.57
6037,31,0.03,25,W,TRUE,38.75,31.92,28.4,25.68,22.65,20.99,19.54,18.59,17.84,17.22,16.54,16.01,15.5,15.12,14.79,14.4,13.98,13.6,13.3,13.09,12.69,12.45,12.21,12.01,11.78,11.6,11.44,11.3,11.18,11.1,11.04,10.94,10.83,10.75,10.71,10.66,10.57,10.48,10.48,10.46,10.38,10.32,10.29,10.24,10.21,10.15,10.09,10.06,10.03,10.01,10.01,9.96,9.88,9.83,9.8,9.79,9.74,9.71,9.7,9.68,9.66,9.64,9.65,9.64,9.62,9.61,9.61,9.6,9.6,9.6,9.57,9.56,9.54,9.53,9.54,9.52,9.49,9.47,9.44,9.46,9.45,9.43,9.45,9.48,9.49,9.46,9.44,9.48,9.5,9.49,9.48,9.49,9.51,9.5,9.5,9.56,9.57,9.56,9.52,9.54,9.57,9.56,9.59,9.63,9.64,9.65,9.64,9.66,9.66,9.67,9.7,9.72,9.73,9.74,9.71,9.74,9.81,9.82,9.83,9.81,9.83,9.82,9.83,9.83,9.85,9.83,9.76,9.8,10,9.92,9.82,9.86,9.81,9.83,9.85,9.74,9.81,9.79,9.79,9.84,9.8,9.88,9.86,9.88,9.84,9.92,9.91,9.99,10.06,10.08,10.1,10.12,10.14,10.19,10.22,10.27,10.39,10.42,10.42,10.48,10.48,10.53,10.56,10.67,10.73,10.74,10.78,10.86,10.91,10.99,10.95,11.04,11.07,11.15,11.18,11.19,11.26,11.33,11.44,11.46,11.42,11.56,11.5,11.55,11.51,11.45,11.43,11.43,11.53,12.93,12.98,13.11,13.21,13.39,13.55,13.66,13.84,13.99,14.15,14.3,14.46,14.65,14.82,15.01,15.18,15.36,15.55,15.78,15.98,16.19,16.4,16.58,16.84,17.05,17.27,17.48,17.7,17.93,18.18,18.44,18.66,18.9,19.1,19.37,19.66,19.91,20.12,20.39,20.64,20.9,21.17,21.44,21.71,21.93,22.18,22.46,22.71,22.94,23.24,23.48,23.72,23.99,24.24,24.5,24.75,25.01,25.22,25.46,25.71,25.94,26.16,26.38,26.61,26.86,27.12,27.38,27.64,27.87,28.11,28.37,28.58,28.77,28.99,29.22,29.43,29.63,29.84,30.01,30.19,30.35,30.51,30.65,30.78,30.9,30.98,31.02,31.09,31.16,31.2,31.28,31.36,31.44,31.52,31.59,31.66,31.74,31.8,31.86,31.91,31.92,31.95,32.06,32.2,32.39,32.62,32.82,33,33.18,33.35,33.49,33.63,33.76,33.9,34.05,34.18,34.31,34.43,34.57,34.71,34.82,34.92,35.05,35.12,35.14,34.87,34.71,34.96,35.2,35.27,35.29,35.29,35.3,35.32,35.33,35.3,35.25,35.23,35.2,35.16,35.17,35.18,35.15,35.13,35.16,35.11,35.07,35.09,35.12,35.14,35.19,35.2,35.21,35.26,35.31,35.35,35.35,35.4,35.46,35.48,35.52,35.58,35.63,35.64,35.68,35.6,35.81,36.01,36.03,36.03,36.08,36.08,36.1,36.12,36.16,36.21,36.23,36.28,36.32,36.38,36.44,36.48,36.53,36.68,36.71,36.75,36.76,36.8,36.84,36.9,36.97,36.98,37.03,37.08,37.13,37.13,37.2,37.25,37.29,37.31,37.33,37.39,37.44,37.48,37.54,37.57,37.59,37.66,37.68,37.73,37.8,37.84,37.87,37.9,37.92,37.98,38,38.06,38.08,38.16,38.18,38.21,38.27,38.3,38.33,38.39,38.44,38.5,38.51,38.51,38.56,38.59,38.65,38.67,38.72,38.78,38.8,38.84,38.88,38.95,38.97,38.98,39.01,39.07,39.11,39.12,39.17,39.23,39.21,39.27,39.33,39.34,39.37,39.41,39.44,39.47,39.54,39.58,39.59,39.6,39.64,39.67,39.7,39.74,39.76,39.83,39.84,39.88,39.92,39.91,39.96,39.99,40.02,40.08,40.1,40.12,40.15,40.18,40.19,40.22,40.25,40.31,40.34,40.37,40.4,40.41,40.43,40.46,40.52,40.56,40.6,40.61,40.62,40.66,40.68,40.72,40.76,40.8,40.79,40.81,40.86,40.91,40.93,40.94,40.97,40.99,41.02,41.05,41.06,41.09,41.14,41.17,41.2,41.24,41.24,41.26,41.31,41.36,41.36,41.39,41.44,41.47,41.49,41.49,41.49,41.53,41.56,41.59,41.62,41.65,41.67,41.72,41.73,41.76,41.77,41.8,41.89,41.92,41.89,41.91,41.93,41.95,41.97,41.99,42,42.06,42.08,42.12,42.14,42.13,42.18,42.21,42.2,42.25,42.29,42.31,42.34,42.38,42.4,42.43,42.45,42.48,42.48,42.49,42.54,42.57,42.6,42.64,42.65,42.66,42.69,42.75,42.73,42.78,42.78,42.84,42.82,42.84,42.86,42.88,42.87,42.94,42.96,42.99,43,43.06,43.09,43.12,43.13,43.13,43.14,43.22,43.24,43.25,43.23,43.26,43.26,43.31,43.34,43.37,43.44,43.46,43.52,43.47,43.5,43.52,43.55,43.58,43.62,43.67,43.6,43.64,43.69,43.73,43.71,43.72,43.81,43.76,43.86,43.86,43.88,43.98
6040,31,0.03,25,W,TRUE,32.82,25.34,21.45,18.74,15.79,13.99,12.46,11.5,10.8,10.15,9.77,9.38,8.92,8.5,8.26,8.06,7.81,7.51,7.43,7.26,7,6.84,6.7,6.59,6.49,6.41,6.33,6.28,6.22,6.16,6.1,6.11,6.1,6.03,6.02,5.97,5.97,5.94,5.93,5.9,5.87,5.89,5.88,5.84,5.81,5.76,5.74,5.73,5.7,5.69,5.66,5.62,5.6,5.56,5.5,5.51,5.5,5.47,5.45,5.46,5.48,5.48,5.45,5.43,5.46,5.48,5.46,5.45,5.45,5.44,5.41,5.4,5.38,5.38,5.38,5.36,5.35,5.32,5.3,5.28,5.26,5.26,5.24,5.22,5.21,5.22,5.21,5.16,5.15,5.15,5.12,5.12,5.11,5.1,5.11,5.12,5.09,5.09,5.07,5.08,5.07,5.06,5.06,5.07,5.08,5.1,5.11,5.13,5.13,5.16,5.18,5.18,5.23,5.27,5.3,5.35,5.38,5.4,5.45,5.51,5.54,5.6,5.64,5.64,5.7,5.74,5.77,5.84,6.05,6.23,6.25,6.32,6.41,6.49,6.45,6.61,6.68,6.78,6.91,7.03,7.08,7.29,7.38,7.52,7.7,7.82,7.95,8.2,8.34,8.52,8.75,8.92,9.15,9.41,9.6,9.9,10.2,10.42,10.74,11.03,11.36,11.67,12.09,12.41,12.79,13.17,13.62,14,14.55,14.97,15.41,15.87,16.46,16.94,17.52,17.94,18.56,19.13,19.85,20.36,20.88,21.49,22.23,22.77,23.38,23.92,24.67,25.11,26.06,27.69,27.84,28.58,29.3,30.07,30.81,31.54,32.29,33.07,33.78,34.54,35.31,36.02,36.78,37.5,38.18,38.89,39.58,40.29,40.96,41.62,42.29,42.9,43.56,44.14,44.75,45.33,45.89,46.45,46.96,47.54,48.02,48.51,48.96,49.42,49.84,50.28,50.74,51.14,51.49,51.88,52.23,52.54,52.91,53.23,53.52,53.85,54.14,54.39,54.66,54.91,55.14,55.36,55.59,55.84,56.06,56.25,56.43,56.62,56.79,56.95,57.14,57.28,57.45,57.62,57.8,57.96,58.12,58.25,58.38,58.51,58.63,58.75,58.89,59,59.15,59.23,59.32,59.41,59.48,59.53,59.6,59.67,59.74,59.78,59.8,59.79,59.79,59.82,59.84,59.89,59.92,59.93,59.95,59.98,60.02,60.07,60.09,60.09,60.13,60.16,60.2,60.28,60.41,60.6,60.81,61.01,61.21,61.36,61.51,61.65,61.77,61.9,62,62.13,62.26,62.38,62.43,62.52,62.63,62.71,62.75,62.81,62.87,62.84,62.48,62.41,62.66,62.83,62.87,62.87,62.89,62.91,62.92,62.91,62.86,62.82,62.79,62.76,62.72,62.7,62.7,62.66,62.64,62.63,62.52,62.47,62.48,62.49,62.5,62.54,62.55,62.56,62.62,62.63,62.64,62.66,62.71,62.75,62.79,62.8,62.83,62.87,62.87,62.93,62.96,63.09,63.26,63.29,63.25,63.27,63.25,63.27,63.27,63.29,63.37,63.34,63.38,63.4,63.43,63.49,63.53,63.57,63.66,63.64,63.67,63.69,63.7,63.73,63.73,63.78,63.75,63.81,63.86,63.89,63.87,63.91,63.92,63.98,64.05,64.03,64.06,64.05,64.11,64.1,64.15,64.14,64.2,64.24,64.22,64.28,64.28,64.32,64.32,64.34,64.38,64.39,64.42,64.41,64.47,64.5,64.51,64.58,64.61,64.66,64.68,64.67,64.69,64.75,64.77,64.78,64.84,64.85,64.86,64.92,64.9,64.92,65,64.99,65.01,65.06,65.06,65.11,65.12,65.13,65.14,65.18,65.23,65.21,65.24,65.28,65.3,65.31,65.35,65.37,65.39,65.39,65.41,65.39,65.42,65.45,65.49,65.49,65.51,65.53,65.53,65.54,65.58,65.58,65.57,65.58,65.61,65.63,65.68,65.67,65.67,65.69,65.73,65.73,65.72,65.76,65.8,65.82,65.8,65.85,65.85,65.84,65.86,65.9,65.92,65.93,65.99,65.98,65.98,66.01,66.02,66.03,66.06,66.05,66.09,66.12,66.13,66.16,66.18,66.22,66.2,66.18,66.19,66.22,66.26,66.3,66.32,66.33,66.35,66.35,66.39,66.39,66.45,66.49,66.47,66.49,66.52,66.55,66.56,66.59,66.58,66.59,66.62,66.63,66.69,66.7,66.74,66.76,66.8,66.84,66.84,66.89,66.88,66.87,66.95,66.98,66.96,66.99,67.03,67.04,67.09,67.16,67.18,67.19,67.17,67.25,67.29,67.25,67.25,67.26,67.29,67.3,67.29,67.28,67.32,67.35,67.35,67.34,67.36,67.39,67.37,67.39,67.49,67.47,67.54,67.56,67.59,67.55,67.58,67.61,67.68,67.64,67.68,67.69,67.72,67.76,67.74,67.72,67.8,67.78,67.82,67.83,67.87,67.84,67.84,67.88,67.94,67.94,67.97,67.99,67.95,67.95,68.01,67.98,67.97,68.1,68.15,68.04,68.16,68.12,68.11,68.17,68.15,68.28,68.2,68.23,68.19,68.2,68.22,68.33,68.32,68.36,68.3,68.44,68.33,68.42,68.48
6026,32,0.1,25,DMF,TRUE,54.51,49.6,46.88,45.03,43.14,41.87,40.66,39.83,39.04,38.14,37.12,36.36,35.63,34.86,33.94,33.18,32.45,31.7,30.99,30.41,29.75,29.14,28.59,28.11,27.66,27.33,26.91,26.6,26.37,26.13,25.9,25.73,25.58,25.4,25.29,25.17,25.07,24.96,24.87,24.76,24.63,24.52,24.43,24.34,24.25,24.15,24.04,23.96,23.87,23.83,23.79,23.72,23.61,23.49,23.35,23.27,23.18,23.11,23.06,23.03,22.99,22.96,22.92,22.87,22.83,22.8,22.78,22.79,22.77,22.73,22.73,22.71,22.69,22.67,22.63,22.62,22.61,22.63,22.66,22.65,22.63,22.62,22.66,22.72,22.71,22.69,22.73,22.77,22.76,22.74,22.75,22.81,22.83,22.83,22.85,22.88,22.88,22.88,22.9,22.93,22.97,23.02,23.06,23.07,23.13,23.12,23.16,23.2,23.22,23.24,23.3,23.33,23.36,23.37,23.39,23.39,23.38,23.44,23.5,23.51,23.51,23.52,23.52,23.55,23.56,23.5,23.44,23.41,23.56,23.01,22.76,22.68,22.59,22.57,22.62,22.39,22.53,22.54,22.49,22.51,22.44,22.43,22.57,22.61,22.62,22.67,22.66,22.81,22.87,22.86,22.93,22.97,23.12,23.13,23.24,23.26,23.45,23.53,23.6,23.58,23.72,23.78,23.87,24.03,24.07,24.23,24.31,24.48,24.61,24.75,24.85,24.97,25.13,25.31,25.45,25.64,25.76,25.88,26.16,26.4,26.5,26.78,26.9,27.11,27.11,27.27,27.55,27.68,28.05,29.29,29.15,29.44,29.77,30.09,30.46,30.78,31.14,31.5,31.92,32.26,32.68,33.06,33.54,33.96,34.38,34.79,35.25,35.73,36.18,36.6,37.09,37.58,38.07,38.53,39.03,39.49,39.99,40.49,40.95,41.49,42.01,42.5,42.99,43.46,43.99,44.47,45.04,45.58,46.08,46.54,47.01,47.47,47.97,48.47,48.98,49.5,49.94,50.4,50.87,51.32,51.77,52.23,52.69,53.19,53.61,54.05,54.46,54.86,55.25,55.65,56.03,56.41,56.81,57.19,57.58,57.95,58.34,58.69,59.01,59.33,59.63,59.91,60.22,60.5,60.82,61.11,61.38,61.63,61.85,62.07,62.28,62.48,62.69,62.88,63.04,63.15,63.28,63.41,63.56,63.69,63.82,63.95,64.08,64.22,64.36,64.51,64.62,64.71,64.86,64.96,65.06,65.19,65.36,65.59,65.82,66.04,66.22,66.39,66.56,66.72,66.9,67.05,67.17,67.31,67.43,67.55,67.63,67.72,67.83,67.93,68.03,68.11,68.17,68.25,68.26,68.06,68.07,68.18,68.29,68.38,68.44,68.51,68.58,68.62,68.6,68.58,68.6,68.64,68.66,68.67,68.71,68.73,68.75,68.83,68.77,68.73,68.77,68.85,68.93,69.01,69.09,69.13,69.19,69.28,69.36,69.37,69.45,69.52,69.61,69.66,69.72,69.8,70.04,70.13,70.15,70.19,70.24,70.31,70.33,70.38,70.44,70.49,70.52,70.61,70.69,70.73,70.8,70.85,70.92,70.98,71.09,71.13,71.22,71.31,71.36,71.4,71.44,71.5,71.53,71.62,71.65,71.7,71.78,71.83,71.85,71.94,71.99,72.04,72.13,72.14,72.15,72.22,72.29,72.33,72.39,72.42,72.53,72.53,72.6,72.67,72.73,72.8,72.82,72.9,72.94,72.96,73.02,73.05,73.13,73.17,73.19,73.25,73.31,73.38,73.45,73.48,73.55,73.62,73.62,73.67,73.73,73.78,73.81,73.86,73.92,73.94,74,74.03,74.06,74.16,74.17,74.21,74.28,74.31,74.37,74.4,74.48,74.47,74.48,74.53,74.57,74.62,74.69,74.73,74.75,74.8,74.87,74.91,74.94,74.99,75.02,75.06,75.08,75.13,75.18,75.2,75.25,75.28,75.32,75.31,75.34,75.38,75.47,75.51,75.5,75.57,75.61,75.66,75.68,75.73,75.76,75.8,75.77,75.85,75.87,75.88,75.96,76,76.02,76.06,76.09,76.12,76.15,76.18,76.22,76.26,76.29,76.33,76.37,76.41,76.45,76.49,76.49,76.53,76.57,76.57,76.58,76.59,76.62,76.72,76.79,76.79,76.83,76.87,76.89,76.92,76.95,76.97,77.02,77.06,77.1,77.1,77.12,77.17,77.18,77.21,77.26,77.3,77.36,77.34,77.37,77.43,77.46,77.48,77.5,77.56,77.56,77.56,77.61,77.65,77.68,77.7,77.75,77.77,77.8,77.83,77.87,77.9,77.92,78,78.07,78.01,78.03,78.05,78.07,78.12,78.12,78.15,78.27,78.28,78.23,78.28,78.35,78.33,78.33,78.38,78.45,78.48,78.52,78.58,78.6,78.58,78.63,78.65,78.67,78.68,78.74,78.8,78.78,78.79,78.82,78.91,78.95,78.91,78.99,78.96,79.01,79.14,79.07,79.1,79.2,79.16,79.2,79.24,79.26,79.24,79.28,79.25,79.41,79.43,79.4,79.37,79.48,79.52,79.55,79.63,79.58,79.55,79.65,79.61,79.69,79.76,79.74,79.77,79.82,79.87,79.7,79.9,79.85,79.96,79.96
6036,33,0.1,25,W,TRUE,29.23,21.23,16.81,13.88,10.69,8.62,7.12,5.98,5.41,4.84,4.33,3.97,3.67,3.35,3.33,3.29,3.05,2.81,2.73,2.59,2.5,2.44,2.4,2.28,2.21,2.14,2.06,1.97,1.92,1.91,1.88,1.88,1.81,1.8,1.78,1.75,1.69,1.64,1.68,1.67,1.63,1.62,1.63,1.6,1.57,1.56,1.54,1.51,1.51,1.51,1.46,1.43,1.39,1.38,1.4,1.4,1.4,1.38,1.38,1.39,1.38,1.4,1.38,1.39,1.4,1.42,1.44,1.43,1.44,1.44,1.43,1.42,1.4,1.38,1.36,1.35,1.33,1.32,1.33,1.32,1.29,1.3,1.32,1.31,1.27,1.27,1.28,1.29,1.29,1.29,1.28,1.26,1.23,1.25,1.28,1.27,1.27,1.28,1.3,1.28,1.24,1.28,1.32,1.33,1.3,1.28,1.32,1.34,1.35,1.33,1.33,1.38,1.38,1.38,1.36,1.4,1.4,1.44,1.47,1.47,1.47,1.49,1.48,1.49,1.52,1.48,1.49,1.51,1.68,1.8,1.75,1.73,1.74,1.78,1.81,1.83,1.76,1.8,1.87,1.9,1.93,1.92,1.96,1.98,2.02,2.07,2.07,2.18,2.19,2.22,2.25,2.29,2.4,2.41,2.49,2.58,2.65,2.74,2.82,2.92,3,3.09,3.17,3.3,3.44,3.53,3.7,3.85,4.01,4.17,4.33,4.53,4.7,4.92,5.17,5.32,5.6,5.82,6.1,6.35,6.61,6.83,7.09,7.36,7.66,7.88,8.12,8.39,8.78,10.54,11.38,11.86,12.33,12.82,13.32,13.84,14.33,14.9,15.45,15.99,16.52,17.07,17.65,18.19,18.74,19.27,19.87,20.42,21.01,21.54,22.07,22.61,23.15,23.68,24.22,24.73,25.25,25.73,26.21,26.7,27.2,27.65,28.07,28.51,28.93,29.35,29.76,30.15,30.52,30.89,31.25,31.58,31.92,32.22,32.53,32.86,33.12,33.4,33.64,33.89,34.13,34.4,34.63,34.86,35.05,35.24,35.43,35.64,35.81,35.96,36.1,36.24,36.39,36.57,36.76,36.94,37.14,37.3,37.47,37.64,37.75,37.87,38.03,38.18,38.33,38.45,38.57,38.68,38.8,38.9,38.99,39.06,39.11,39.15,39.15,39.13,39.1,39.09,39.07,39.06,39.04,39.01,39,38.99,38.97,38.97,38.96,38.95,38.95,38.91,38.85,38.85,38.94,39.14,39.38,39.61,39.83,40.01,40.19,40.36,40.52,40.68,40.84,41.01,41.16,41.3,41.44,41.57,41.69,41.83,41.96,42.07,42.18,42.22,42.02,41.78,41.97,42.17,42.21,42.2,42.17,42.14,42.12,42.04,41.92,41.83,41.75,41.65,41.55,41.46,41.39,41.33,41.26,41.24,41.1,41.03,41,41,40.99,40.99,40.98,40.97,40.99,41.02,41.04,41.03,41.08,41.11,41.13,41.13,41.15,41.2,41.24,41.23,41.35,41.5,41.55,41.56,41.55,41.55,41.55,41.58,41.59,41.64,41.67,41.67,41.74,41.77,41.81,41.84,41.88,41.92,42.03,42.11,42.14,42.22,42.2,42.23,42.27,42.31,42.32,42.36,42.42,42.46,42.47,42.51,42.55,42.6,42.64,42.66,42.7,42.74,42.77,42.79,42.86,42.86,42.92,42.93,42.96,43.02,43.05,43.11,43.11,43.15,43.22,43.23,43.24,43.27,43.31,43.36,43.38,43.43,43.47,43.52,43.52,43.57,43.61,43.64,43.63,43.7,43.75,43.78,43.8,43.83,43.86,43.88,43.91,43.93,43.97,44.02,44.05,44.08,44.11,44.14,44.15,44.18,44.25,44.25,44.28,44.3,44.32,44.39,44.38,44.39,44.44,44.48,44.52,44.53,44.55,44.61,44.63,44.63,44.64,44.67,44.73,44.75,44.78,44.81,44.8,44.81,44.82,44.86,44.92,44.91,44.94,44.98,45,45.04,45.06,45.09,45.08,45.11,45.14,45.2,45.22,45.21,45.22,45.26,45.28,45.31,45.34,45.36,45.39,45.41,45.42,45.46,45.51,45.52,45.52,45.55,45.58,45.61,45.62,45.66,45.7,45.68,45.68,45.7,45.74,45.8,45.83,45.83,45.87,45.89,45.9,45.92,45.95,45.96,45.97,46,46.03,46.03,46.06,46.09,46.1,46.12,46.18,46.19,46.22,46.21,46.23,46.27,46.29,46.32,46.37,46.4,46.42,46.43,46.44,46.48,46.48,46.48,46.52,46.53,46.56,46.6,46.64,46.64,46.63,46.68,46.71,46.69,46.71,46.73,46.77,46.8,46.79,46.82,46.88,46.88,46.89,46.88,46.92,46.94,46.95,46.97,47.01,47.03,47.07,47.11,47.1,47.11,47.12,47.16,47.22,47.19,47.19,47.21,47.23,47.26,47.28,47.33,47.31,47.32,47.38,47.37,47.4,47.49,47.45,47.42,47.45,47.51,47.57,47.56,47.56,47.57,47.57,47.54,47.61,47.68,47.71,47.69,47.71,47.7,47.72,47.78,47.74,47.77,47.79,47.82,47.86,47.8,47.85,47.92,47.92,47.98,47.84,47.99,47.98,48.05,48.05
6039,33,0.1,25,W,TRUE,31.71,24.04,19.91,16.91,13.71,11.85,10.26,9.07,8.41,7.76,7.26,6.96,6.55,6.21,6.01,5.78,5.57,5.39,5.2,5.05,4.86,4.69,4.54,4.48,4.35,4.23,4.18,4.14,4.09,3.99,3.93,3.86,3.83,3.8,3.76,3.73,3.7,3.67,3.63,3.61,3.58,3.53,3.51,3.48,3.47,3.48,3.46,3.4,3.34,3.32,3.31,3.28,3.25,3.2,3.18,3.18,3.15,3.13,3.12,3.13,3.14,3.13,3.11,3.14,3.17,3.16,3.16,3.17,3.16,3.19,3.18,3.15,3.14,3.14,3.13,3.12,3.1,3.08,3.08,3.06,3.05,3.05,3.05,3.04,3.04,3.03,3.02,3.03,3.05,3.04,3.03,3.03,3.01,2.99,3.03,3.05,3.03,3.04,3.06,3.05,3.05,3.08,3.08,3.09,3.11,3.14,3.16,3.16,3.16,3.19,3.21,3.22,3.25,3.3,3.29,3.3,3.33,3.36,3.39,3.43,3.44,3.45,3.48,3.49,3.51,3.5,3.52,3.57,3.77,4.02,4.07,4.09,4.12,4.09,4.14,4.16,4.2,4.25,4.33,4.39,4.44,4.46,4.57,4.67,4.72,4.82,4.89,5.01,5.09,5.21,5.3,5.42,5.57,5.72,5.89,6.11,6.22,6.4,6.6,6.86,7.06,7.32,7.54,7.82,8.11,8.4,8.73,9.06,9.48,9.83,10.26,10.69,11.24,11.72,12.19,12.77,13.26,13.87,14.54,15.07,15.77,16.34,17.03,17.68,18.3,18.98,19.71,20.29,21.31,23.27,24.18,25.12,26.06,27.02,27.96,28.92,29.92,30.96,31.96,32.96,33.91,34.94,35.99,36.97,37.99,38.98,39.98,40.98,41.98,42.93,43.86,44.76,45.69,46.63,47.5,48.36,49.23,50.04,50.83,51.63,52.4,53.12,53.81,54.54,55.24,55.89,56.52,57.14,57.73,58.32,58.89,59.37,59.9,60.39,60.87,61.32,61.75,62.15,62.54,62.94,63.29,63.68,64.01,64.35,64.66,64.96,65.22,65.48,65.73,65.99,66.23,66.47,66.69,66.94,67.14,67.36,67.63,67.8,67.97,68.15,68.32,68.44,68.6,68.76,68.92,69.04,69.18,69.31,69.4,69.49,69.57,69.64,69.71,69.74,69.77,69.77,69.77,69.8,69.83,69.89,69.91,69.95,69.99,70.06,70.14,70.2,70.27,70.31,70.39,70.45,70.47,70.51,70.57,70.76,71.02,71.26,71.48,71.64,71.76,71.9,72.04,72.14,72.25,72.38,72.51,72.6,72.67,72.76,72.83,72.9,72.94,72.98,73.03,73.03,72.74,72.59,72.83,73.02,73.08,73.1,73.1,73.15,73.17,73.18,73.14,73.1,73.11,73.11,73.1,73.09,73.1,73.11,73.15,73.23,73.15,73.1,73.15,73.23,73.29,73.34,73.37,73.46,73.53,73.6,73.66,73.7,73.77,73.83,73.87,73.92,73.98,74.06,74.1,74.15,74.07,74.35,74.56,74.61,74.6,74.6,74.63,74.66,74.68,74.72,74.78,74.79,74.85,74.87,74.92,75,75.05,75.06,75.18,75.29,75.31,75.35,75.33,75.42,75.41,75.48,75.51,75.55,75.59,75.65,75.64,75.72,75.76,75.79,75.82,75.88,75.91,75.94,75.97,75.98,76.1,76.05,76.12,76.18,76.18,76.24,76.26,76.34,76.37,76.41,76.42,76.45,76.5,76.54,76.63,76.63,76.67,76.71,76.77,76.78,76.85,76.88,76.92,76.95,76.97,77.04,77.07,77.11,77.07,77.13,77.19,77.2,77.31,77.33,77.33,77.37,77.42,77.45,77.48,77.53,77.56,77.57,77.64,77.64,77.66,77.7,77.76,77.79,77.84,77.87,77.9,77.91,77.99,78.01,77.98,78.04,78.07,78.09,78.15,78.14,78.19,78.21,78.28,78.29,78.28,78.32,78.34,78.37,78.43,78.43,78.45,78.5,78.56,78.6,78.6,78.63,78.67,78.7,78.72,78.76,78.78,78.79,78.83,78.86,78.91,78.96,78.97,78.98,79.04,79.06,79.07,79.09,79.15,79.16,79.18,79.23,79.26,79.31,79.28,79.3,79.35,79.37,79.4,79.44,79.48,79.52,79.53,79.54,79.56,79.6,79.6,79.64,79.72,79.74,79.77,79.77,79.8,79.85,79.86,79.9,79.91,79.91,79.97,80,80.05,80.04,80.07,80.13,80.16,80.21,80.22,80.25,80.27,80.29,80.36,80.36,80.38,80.37,80.41,80.44,80.5,80.53,80.57,80.6,80.58,80.66,80.69,80.67,80.66,80.72,80.72,80.75,80.74,80.79,80.9,80.86,80.91,80.92,80.95,80.99,80.96,80.96,80.99,81.06,81.12,81.16,81.18,81.2,81.23,81.21,81.26,81.23,81.34,81.36,81.35,81.37,81.39,81.43,81.53,81.51,81.57,81.62,81.64,81.67,81.67,81.62,81.68,81.72,81.77,81.77,81.78,81.81,81.81,81.85,81.9,81.99,81.96,81.94,82,82,82.01,82.06,82.01,82.05,82.2,82.24,82.11,82.21,82.21,82.28,82.3,82.39,82.32,82.48,82.42,82.46,82.52
6020,36,0,0,FALSE,TRUE,27.98,19.87,14.99,12,8.85,6.88,5.32,4.1,3.39,2.9,2.65,2.39,2.11,1.94,1.73,1.67,1.55,1.41,1.35,1.28,1.25,1.13,1.05,1.02,0.97,0.91,0.85,0.86,0.84,0.8,0.78,0.74,0.73,0.69,0.67,0.66,0.61,0.59,0.58,0.61,0.58,0.59,0.57,0.54,0.56,0.52,0.53,0.52,0.51,0.51,0.49,0.46,0.44,0.43,0.42,0.4,0.4,0.4,0.42,0.44,0.44,0.44,0.47,0.5,0.53,0.54,0.54,0.56,0.57,0.56,0.55,0.56,0.53,0.52,0.54,0.54,0.54,0.5,0.48,0.46,0.47,0.5,0.5,0.49,0.49,0.49,0.43,0.44,0.49,0.5,0.48,0.48,0.49,0.49,0.49,0.46,0.45,0.46,0.49,0.5,0.49,0.49,0.51,0.51,0.52,0.5,0.51,0.53,0.54,0.52,0.55,0.55,0.55,0.58,0.61,0.6,0.62,0.63,0.65,0.62,0.64,0.64,0.61,0.6,0.62,0.61,0.61,0.62,0.8,1,1,0.98,1,1.02,0.98,0.95,0.92,0.93,1.01,1.01,0.99,0.94,0.97,0.96,1,0.99,0.99,0.96,1.02,1.05,0.99,0.96,0.96,0.99,0.99,0.97,0.98,0.99,0.97,1,0.96,0.95,0.97,0.95,0.9,0.87,0.88,0.85,0.82,0.82,0.85,0.83,0.81,0.78,0.75,0.7,0.71,0.64,0.55,0.53,0.46,0.44,0.44,0.39,0.25,0.32,0.33,0.44,0.9,3.04,4,5.15,6.55,8.22,9.95,11.69,13.38,14.85,16.24,17.43,18.54,19.52,20.48,21.35,22.11,22.74,23.4,24,24.5,25.03,25.52,25.93,26.33,26.75,27.12,27.46,27.75,28.04,28.29,28.55,28.8,29.02,29.23,29.4,29.62,29.81,29.96,30.14,30.27,30.46,30.62,30.72,30.85,30.97,31.11,31.22,31.34,31.45,31.54,31.62,31.7,31.82,31.9,32.01,32.11,32.2,32.29,32.36,32.43,32.49,32.58,32.65,32.69,32.78,32.85,32.96,33.11,33.22,33.29,33.36,33.42,33.5,33.57,33.63,33.68,33.74,33.8,33.85,33.89,33.93,33.95,33.99,34.02,34.03,34.04,34.03,34,33.99,33.96,33.95,33.96,33.93,33.91,33.9,33.91,33.9,33.9,33.9,33.9,33.87,33.81,33.83,33.91,34.1,34.34,34.51,34.68,34.84,34.97,35.08,35.18,35.32,35.41,35.52,35.64,35.73,35.83,35.92,35.98,36.03,36.1,36.18,36.23,36.29,36.31,36.3,36.25,36.07,36.02,36.03,36.09,36.14,36.16,36.15,36.09,36.04,36.02,35.99,35.95,35.93,35.89,35.9,35.88,35.88,35.82,35.8,35.8,35.8,35.81,35.87,35.88,35.9,35.94,35.95,35.98,35.86,36.08,36.27,36.3,36.3,36.3,36.32,36.36,36.4,36.44,36.46,36.54,36.6,36.63,36.68,36.71,36.76,36.8,36.87,36.92,36.99,37.05,37.08,37.16,37.22,37.27,37.33,37.49,37.57,37.6,37.65,37.67,37.7,37.74,37.8,37.82,37.86,37.94,37.98,38.04,38.05,38.1,38.16,38.21,38.28,38.33,38.35,38.41,38.44,38.5,38.52,38.6,38.66,38.69,38.71,38.75,38.82,38.85,38.89,38.93,38.96,38.99,39.03,39.1,39.18,39.19,39.23,39.24,39.33,39.36,39.39,39.44,39.46,39.48,39.54,39.6,39.62,39.64,39.67,39.72,39.76,39.81,39.83,39.89,39.93,39.93,39.96,40,40.03,40.07,40.1,40.13,40.15,40.2,40.24,40.26,40.28,40.3,40.35,40.37,40.42,40.42,40.43,40.44,40.49,40.54,40.54,40.58,40.59,40.64,40.65,40.69,40.71,40.71,40.73,40.74,40.78,40.82,40.82,40.84,40.88,40.92,40.94,40.94,40.97,41,41.01,41.04,41.07,41.06,41.06,41.1,41.15,41.19,41.2,41.18,41.19,41.23,41.26,41.29,41.31,41.33,41.33,41.34,41.36,41.39,41.44,41.46,41.46,41.47,41.46,41.5,41.55,41.57,41.61,41.63,41.6,41.62,41.66,41.66,41.66,41.66,41.68,41.72,41.74,41.76,41.77,41.74,41.76,41.78,41.8,41.81,41.84,41.89,41.87,41.88,41.92,41.96,41.95,41.93,41.94,41.93,41.97,41.96,41.95,41.97,41.98,41.99,41.98,42,42.06,42.1,42.12,42.07,42.1,42.13,42.1,42.09,42.1,42.15,42.16,42.15,42.16,42.2,42.21,42.2,42.19,42.21,42.22,42.26,42.22,42.28,42.27,42.3,42.34,42.33,42.3,42.33,42.39,42.4,42.35,42.36,42.37,42.33,42.35,42.37,42.37,42.37,42.38,42.36,42.42,42.44,42.48,42.47,42.5,42.47,42.46,42.48,42.46,42.5,42.48,42.54,42.53,42.55,42.58,42.54,42.53,42.55,42.51,42.52,42.59,42.55,42.6,42.62,42.61,42.6,42.6,42.54,42.56,42.6,42.64,42.63,42.73,42.72,42.72,42.78
6043,36,0,0,FALSE,FALSE,105.54,107.45,109.62,111.23,112.71,114.2,115.22,116.35,116.83,116.77,116.2,115.39,114.24,112.93,111.57,109.95,108.33,106.7,104.98,103.32,101.67,100.17,98.6,97.26,96.08,95.06,94.09,93.28,92.63,92.05,91.47,90.96,90.53,90.25,89.96,89.63,89.35,89.13,88.95,88.71,88.47,88.25,88.08,87.84,87.59,87.49,87.35,87.21,87.07,86.88,86.72,86.58,86.37,86.08,85.75,85.46,85.24,85.11,85.02,84.91,84.76,84.61,84.49,84.4,84.32,84.29,84.28,84.28,84.26,84.29,84.32,84.31,84.27,84.29,84.37,84.44,84.55,84.7,84.79,84.89,85,85.12,85.32,85.55,85.73,85.86,86.04,86.19,86.34,86.48,86.6,86.86,87.15,87.33,87.53,87.73,87.92,88.04,88.24,88.48,88.71,88.87,89.1,89.32,89.52,89.74,89.99,90.21,90.34,90.51,90.72,91,91.2,91.4,91.57,91.73,91.92,92.05,92.22,92.31,92.39,92.46,92.62,92.7,92.76,92.86,92.79,92.78,92.71,89.45,88.3,88.17,87.97,87.94,87.89,87.75,87.65,87.83,87.76,87.74,87.83,87.78,87.92,88.21,88.43,88.47,88.46,88.61,88.74,89.02,88.93,89.03,89.04,89.23,89.3,89.5,89.69,89.66,89.76,89.94,89.96,90.05,90.08,90.03,90.28,90.37,90.54,90.34,90.53,90.66,90.62,90.71,90.82,90.69,90.82,90.68,91.05,90.67,91.16,90.98,90.89,90.99,90.95,91.04,90.77,90.75,91.05,90.81,91.07,91.12,89.69,89.7,89.63,89.66,89.66,89.62,89.62,89.68,89.74,89.71,89.73,89.73,89.77,89.77,89.82,89.8,89.89,89.99,90,90.02,90.08,90.08,90.11,90.19,90.25,90.3,90.35,90.39,90.41,90.49,90.56,90.6,90.63,90.64,90.71,90.76,90.79,90.87,90.92,90.97,91.01,91.02,91.15,91.17,91.19,91.26,91.29,91.33,91.34,91.39,91.45,91.51,91.54,91.59,91.66,91.73,91.76,91.79,91.82,91.85,91.92,91.97,91.99,92.08,92.13,92.15,92.25,92.28,92.31,92.37,92.4,92.41,92.46,92.52,92.61,92.62,92.64,92.71,92.74,92.73,92.75,92.75,92.78,92.8,92.78,92.75,92.75,92.77,92.78,92.84,92.88,92.89,92.9,92.96,93.01,93.05,93.07,93.09,93.16,93.23,93.28,93.34,93.41,93.55,93.68,93.76,93.9,94.03,94.11,94.15,94.21,94.31,94.35,94.43,94.49,94.55,94.6,94.63,94.68,94.73,94.75,94.78,94.77,94.72,94.41,94.36,94.58,94.72,94.77,94.81,94.83,94.9,94.94,94.97,94.9,94.85,94.87,94.86,94.86,94.88,94.89,94.91,94.89,94.96,94.86,94.77,94.8,94.86,94.9,94.98,95.03,95.07,95.12,95.2,95.26,95.26,95.32,95.39,95.44,95.45,95.5,95.57,95.62,95.65,95.71,95.7,95.98,96.09,96.09,96.12,96.09,96.11,96.09,96.19,96.26,96.27,96.32,96.35,96.41,96.46,96.5,96.54,96.57,96.61,96.65,96.69,96.68,96.75,96.77,96.81,96.87,96.9,96.96,97.04,97.04,97.02,97.11,97.16,97.2,97.22,97.22,97.28,97.32,97.34,97.41,97.41,97.47,97.45,97.5,97.57,97.62,97.67,97.7,97.73,97.77,97.79,97.79,97.83,97.86,97.93,97.93,97.99,98.06,98.15,98.14,98.14,98.17,98.2,98.19,98.26,98.33,98.36,98.34,98.37,98.4,98.41,98.48,98.48,98.53,98.54,98.53,98.55,98.63,98.65,98.68,98.67,98.76,98.73,98.74,98.81,98.83,98.89,98.85,98.89,98.92,98.94,98.99,99,98.99,99.03,99.07,99.07,99.09,99.11,99.15,99.12,99.14,99.16,99.17,99.21,99.24,99.24,99.3,99.3,99.3,99.35,99.39,99.39,99.36,99.41,99.44,99.45,99.45,99.51,99.48,99.45,99.49,99.58,99.59,99.59,99.58,99.6,99.65,99.66,99.64,99.65,99.71,99.72,99.71,99.75,99.82,99.8,99.77,99.84,99.89,99.81,99.8,99.83,99.85,99.91,99.96,99.93,99.92,99.92,99.93,100,100.06,100.04,100.05,100.07,100.07,100.07,100.1,100.1,100.08,100.1,100.13,100.16,100.2,100.16,100.18,100.23,100.26,100.27,100.27,100.31,100.3,100.25,100.28,100.3,100.3,100.29,100.3,100.31,100.37,100.43,100.46,100.46,100.43,100.53,100.54,100.49,100.45,100.46,100.52,100.56,100.53,100.59,100.66,100.65,100.6,100.6,100.65,100.62,100.61,100.67,100.69,100.66,100.74,100.79,100.76,100.81,100.79,100.81,100.85,100.84,100.89,100.88,100.87,100.89,100.92,100.93,100.91,100.96,101,100.99,100.98,101.06,101.08,101.02,101.07,101.09,101.13,101.17,101.08,101.15,101.12,101.1,101.18,101.24,101.21,101.26,101.25,101.17,101.23,101.33,101.27,101.31,101.41,101.36,101.27,101.42,101.32,101.45,101.48,101.5,101.36,101.44,101.5,101.59,101.58
